direction,classifier,family,delta_j_family
als_to_hd,dt,asymmetry,0.0
als_to_hd,dt,fractal,0.08217
als_to_hd,dt,phase_percentage,0.0
als_to_hd,dt,raw_timing,0.019548
als_to_hd,dt,variability,0.050395
als_to_hd,knn,asymmetry,0.00721
als_to_hd,knn,fractal,0.005933
als_to_hd,knn,phase_percentage,0.004507
als_to_hd,knn,raw_timing,0.007868
als_to_hd,knn,variability,0.031166
als_to_hd,lgbm,asymmetry,5e-06
als_to_hd,lgbm,fractal,0.000639
als_to_hd,lgbm,phase_percentage,3.8e-05
als_to_hd,lgbm,raw_timing,0.032163
als_to_hd,lgbm,variability,0.059015
als_to_hd,qda,asymmetry,0.013622
als_to_hd,qda,fractal,0.007673
als_to_hd,qda,phase_percentage,0.001104
als_to_hd,qda,raw_timing,0.051591
als_to_hd,qda,variability,0.064716
als_to_hd,rf,asymmetry,0.000964
als_to_hd,rf,fractal,0.025031
als_to_hd,rf,phase_percentage,0.002555
als_to_hd,rf,raw_timing,0.002
als_to_hd,rf,variability,0.058617
als_to_hd,svm,asymmetry,0.000673
als_to_hd,svm,fractal,0.03505
als_to_hd,svm,phase_percentage,0.019829
als_to_hd,svm,raw_timing,0.016667
als_to_hd,svm,variability,0.024665
als_to_hd,xgb,asymmetry,0.001094
als_to_hd,xgb,fractal,0.034875
als_to_hd,xgb,phase_percentage,0.002439
als_to_hd,xgb,raw_timing,0.023812
als_to_hd,xgb,variability,0.025986
als_to_pd,dt,asymmetry,0.0
als_to_pd,dt,fractal,0.035907
als_to_pd,dt,phase_percentage,0.0
als_to_pd,dt,raw_timing,0.002219
als_to_pd,dt,variability,0.110159
als_to_pd,knn,asymmetry,0.002048
als_to_pd,knn,fractal,0.005072
als_to_pd,knn,phase_percentage,0.010171
als_to_pd,knn,raw_timing,0.024581
als_to_pd,knn,variability,0.003776
als_to_pd,lgbm,asymmetry,1e-05
als_to_pd,lgbm,fractal,0.004324
als_to_pd,lgbm,phase_percentage,6e-05
als_to_pd,lgbm,raw_timing,0.015474
als_to_pd,lgbm,variability,0.011194
als_to_pd,qda,asymmetry,0.004513
als_to_pd,qda,fractal,0.021819
als_to_pd,qda,phase_percentage,0.023722
als_to_pd,qda,raw_timing,0.039853
als_to_pd,qda,variability,0.018452
als_to_pd,rf,asymmetry,0.000296
als_to_pd,rf,fractal,0.018697
als_to_pd,rf,phase_percentage,0.000913
als_to_pd,rf,raw_timing,0.016585
als_to_pd,rf,variability,0.03443
als_to_pd,svm,asymmetry,0.000125
als_to_pd,svm,fractal,0.043054
als_to_pd,svm,phase_percentage,0.029937
als_to_pd,svm,raw_timing,0.006053
als_to_pd,svm,variability,0.011666
als_to_pd,xgb,asymmetry,0.000523
als_to_pd,xgb,fractal,0.026302
als_to_pd,xgb,phase_percentage,0.004638
als_to_pd,xgb,raw_timing,0.028628
als_to_pd,xgb,variability,0.016036
hd_to_als,dt,asymmetry,0.0
hd_to_als,dt,fractal,0.0
hd_to_als,dt,phase_percentage,0.0
hd_to_als,dt,raw_timing,0.0
hd_to_als,dt,variability,0.0
hd_to_als,knn,asymmetry,0.018617
hd_to_als,knn,fractal,0.005068
hd_to_als,knn,phase_percentage,0.011829
hd_to_als,knn,raw_timing,0.137441
hd_to_als,knn,variability,0.066828
hd_to_als,lgbm,asymmetry,0.0
hd_to_als,lgbm,fractal,0.0
hd_to_als,lgbm,phase_percentage,0.0
hd_to_als,lgbm,raw_timing,0.0
hd_to_als,lgbm,variability,0.0
hd_to_als,qda,asymmetry,0.005713
hd_to_als,qda,fractal,0.006491
hd_to_als,qda,phase_percentage,0.009155
hd_to_als,qda,raw_timing,0.051183
hd_to_als,qda,variability,0.04314
hd_to_als,rf,asymmetry,0.002142
hd_to_als,rf,fractal,0.008686
hd_to_als,rf,phase_percentage,0.000329
hd_to_als,rf,raw_timing,0.009159
hd_to_als,rf,variability,0.039921
hd_to_als,svm,asymmetry,0.010678
hd_to_als,svm,fractal,0.023305
hd_to_als,svm,phase_percentage,0.016787
hd_to_als,svm,raw_timing,0.089814
hd_to_als,svm,variability,0.108186
hd_to_als,xgb,asymmetry,0.0
hd_to_als,xgb,fractal,0.0
hd_to_als,xgb,phase_percentage,0.0
hd_to_als,xgb,raw_timing,0.0
hd_to_als,xgb,variability,0.0
hd_to_pd,dt,asymmetry,0.0
hd_to_pd,dt,fractal,0.0
hd_to_pd,dt,phase_percentage,0.0
hd_to_pd,dt,raw_timing,0.0
hd_to_pd,dt,variability,0.0
hd_to_pd,knn,asymmetry,0.010353
hd_to_pd,knn,fractal,0.007239
hd_to_pd,knn,phase_percentage,0.015803
hd_to_pd,knn,raw_timing,0.091425
hd_to_pd,knn,variability,0.039442
hd_to_pd,lgbm,asymmetry,0.0
hd_to_pd,lgbm,fractal,0.0
hd_to_pd,lgbm,phase_percentage,0.0
hd_to_pd,lgbm,raw_timing,0.0
hd_to_pd,lgbm,variability,0.0
hd_to_pd,qda,asymmetry,0.00407
hd_to_pd,qda,fractal,0.006422
hd_to_pd,qda,phase_percentage,0.008636
hd_to_pd,qda,raw_timing,0.02311
hd_to_pd,qda,variability,0.044782
hd_to_pd,rf,asymmetry,0.002529
hd_to_pd,rf,fractal,0.001264
hd_to_pd,rf,phase_percentage,0.000883
hd_to_pd,rf,raw_timing,0.000397
hd_to_pd,rf,variability,0.017894
hd_to_pd,svm,asymmetry,0.007612
hd_to_pd,svm,fractal,0.009866
hd_to_pd,svm,phase_percentage,0.002647
hd_to_pd,svm,raw_timing,0.040436
hd_to_pd,svm,variability,0.074175
hd_to_pd,xgb,asymmetry,0.0
hd_to_pd,xgb,fractal,0.0
hd_to_pd,xgb,phase_percentage,0.0
hd_to_pd,xgb,raw_timing,0.0
hd_to_pd,xgb,variability,0.0
pd_to_als,dt,asymmetry,0.0
pd_to_als,dt,fractal,0.027284
pd_to_als,dt,phase_percentage,0.0
pd_to_als,dt,raw_timing,0.037591
pd_to_als,dt,variability,0.04335
pd_to_als,knn,asymmetry,0.001566
pd_to_als,knn,fractal,0.023097
pd_to_als,knn,phase_percentage,0.001999
pd_to_als,knn,raw_timing,0.068562
pd_to_als,knn,variability,0.025365
pd_to_als,lgbm,asymmetry,2e-06
pd_to_als,lgbm,fractal,0.002118
pd_to_als,lgbm,phase_percentage,0.000502
pd_to_als,lgbm,raw_timing,0.047078
pd_to_als,lgbm,variability,0.042132
pd_to_als,qda,asymmetry,0.004007
pd_to_als,qda,fractal,0.011913
pd_to_als,qda,phase_percentage,0.00517
pd_to_als,qda,raw_timing,0.068081
pd_to_als,qda,variability,0.048172
pd_to_als,rf,asymmetry,0.000179
pd_to_als,rf,fractal,0.001477
pd_to_als,rf,phase_percentage,0.004412
pd_to_als,rf,raw_timing,0.022593
pd_to_als,rf,variability,0.003043
pd_to_als,svm,asymmetry,0.001093
pd_to_als,svm,fractal,0.005471
pd_to_als,svm,phase_percentage,0.004269
pd_to_als,svm,raw_timing,0.045876
pd_to_als,svm,variability,0.012493
pd_to_als,xgb,asymmetry,4e-06
pd_to_als,xgb,fractal,0.000406
pd_to_als,xgb,phase_percentage,0.000335
pd_to_als,xgb,raw_timing,0.052274
pd_to_als,xgb,variability,0.045635
pd_to_hd,dt,asymmetry,0.0
pd_to_hd,dt,fractal,0.003836
pd_to_hd,dt,phase_percentage,0.0
pd_to_hd,dt,raw_timing,0.010578
pd_to_hd,dt,variability,0.006609
pd_to_hd,knn,asymmetry,0.008297
pd_to_hd,knn,fractal,0.016902
pd_to_hd,knn,phase_percentage,0.000424
pd_to_hd,knn,raw_timing,0.010442
pd_to_hd,knn,variability,0.025759
pd_to_hd,lgbm,asymmetry,7.4e-05
pd_to_hd,lgbm,fractal,0.00316
pd_to_hd,lgbm,phase_percentage,0.000168
pd_to_hd,lgbm,raw_timing,0.005312
pd_to_hd,lgbm,variability,0.009184
pd_to_hd,qda,asymmetry,0.014006
pd_to_hd,qda,fractal,0.007593
pd_to_hd,qda,phase_percentage,0.005159
pd_to_hd,qda,raw_timing,0.018393
pd_to_hd,qda,variability,0.016826
pd_to_hd,rf,asymmetry,0.001075
pd_to_hd,rf,fractal,0.00214
pd_to_hd,rf,phase_percentage,0.003901
pd_to_hd,rf,raw_timing,0.016007
pd_to_hd,rf,variability,0.006608
pd_to_hd,svm,asymmetry,0.008942
pd_to_hd,svm,fractal,0.001954
pd_to_hd,svm,phase_percentage,0.002933
pd_to_hd,svm,raw_timing,0.013226
pd_to_hd,svm,variability,0.019172
pd_to_hd,xgb,asymmetry,6.8e-05
pd_to_hd,xgb,fractal,0.000422
pd_to_hd,xgb,phase_percentage,0.000126
pd_to_hd,xgb,raw_timing,0.006211
pd_to_hd,xgb,variability,0.007871
