direction,classifier,feature,delta_j_norm
als_to_hd,dt,left_stride_s,0.1251332882832734
als_to_hd,dt,right_stride_s,0.0
als_to_hd,dt,left_swing_s,0.0
als_to_hd,dt,right_swing_s,0.0
als_to_hd,dt,left_swing_pct,0.0
als_to_hd,dt,right_swing_pct,0.0
als_to_hd,dt,left_stance_s,0.1485110211794558
als_to_hd,dt,right_stance_s,0.04906304208355541
als_to_hd,dt,double_support_s,0.20464720330456285
als_to_hd,dt,double_support_pct,0.0
als_to_hd,dt,asymmetry_index,0.0
als_to_hd,dt,cv_stride,0.0
als_to_hd,dt,cv_swing,0.4133981475927912
als_to_hd,dt,dfa_alpha_stride,0.946111180427985
als_to_hd,knn,left_stride_s,0.06780750878679202
als_to_hd,knn,right_stride_s,0.029033594931180573
als_to_hd,knn,left_swing_s,0.1757792730533474
als_to_hd,knn,right_swing_s,0.19218476763038522
als_to_hd,knn,left_swing_pct,0.042070661351394124
als_to_hd,knn,right_swing_pct,0.019161943149551067
als_to_hd,knn,left_stance_s,0.021243078974353687
als_to_hd,knn,right_stance_s,0.035868215182063956
als_to_hd,knn,double_support_s,0.09563993544206388
als_to_hd,knn,double_support_pct,0.16830057998267983
als_to_hd,knn,asymmetry_index,1.5077643158539409
als_to_hd,knn,cv_stride,0.22812315726100518
als_to_hd,knn,cv_swing,0.40641291229319043
als_to_hd,knn,dfa_alpha_stride,0.07689263946071424
als_to_hd,lgbm,left_stride_s,0.05530485673540969
als_to_hd,lgbm,right_stride_s,0.16217263661249273
als_to_hd,lgbm,left_swing_s,0.10463819227612252
als_to_hd,lgbm,right_swing_s,0.05366585660873276
als_to_hd,lgbm,left_swing_pct,0.45420867399844184
als_to_hd,lgbm,right_swing_pct,0.05921684842110923
als_to_hd,lgbm,left_stance_s,0.17376761182777267
als_to_hd,lgbm,right_stance_s,0.24355554663828324
als_to_hd,lgbm,double_support_s,0.09201436655429787
als_to_hd,lgbm,double_support_pct,0.056923817309891975
als_to_hd,lgbm,asymmetry_index,0.015740338629035046
als_to_hd,lgbm,cv_stride,0.4951775505154968
als_to_hd,lgbm,cv_swing,0.15070140808891191
als_to_hd,lgbm,dfa_alpha_stride,0.008204241569964639
als_to_hd,qda,left_stride_s,0.24325268475631065
als_to_hd,qda,right_stride_s,0.36160216883980195
als_to_hd,qda,left_swing_s,0.23238344399196
als_to_hd,qda,right_swing_s,0.09433523657782476
als_to_hd,qda,left_swing_pct,0.08477568185708491
als_to_hd,qda,right_swing_pct,0.027229069675825487
als_to_hd,qda,left_stance_s,0.45343420181114835
als_to_hd,qda,right_stance_s,0.18581277964229917
als_to_hd,qda,double_support_s,0.24150104817227921
als_to_hd,qda,double_support_pct,0.04490707135998968
als_to_hd,qda,asymmetry_index,1.4791766348737918
als_to_hd,qda,cv_stride,0.5696442424712125
als_to_hd,qda,cv_swing,0.6118037200686524
als_to_hd,qda,dfa_alpha_stride,0.10862474115346327
als_to_hd,rf,left_stride_s,0.008578726961357672
als_to_hd,rf,right_stride_s,0.024369815202378756
als_to_hd,rf,left_swing_s,0.3209834694155643
als_to_hd,rf,right_swing_s,0.10326026088585792
als_to_hd,rf,left_swing_pct,0.1635465249843252
als_to_hd,rf,right_swing_pct,0.16606720084045892
als_to_hd,rf,left_stance_s,0.07514968127293083
als_to_hd,rf,right_stance_s,0.06087156171362277
als_to_hd,rf,double_support_s,0.022216328861004882
als_to_hd,rf,double_support_pct,0.2495948514131018
als_to_hd,rf,asymmetry_index,1.545604609752012
als_to_hd,rf,cv_stride,0.7653392991079742
als_to_hd,rf,cv_swing,0.28886001989852667
als_to_hd,rf,dfa_alpha_stride,0.49302166577260553
als_to_hd,svm,left_stride_s,0.13517657055654406
als_to_hd,svm,right_stride_s,0.12688127101627236
als_to_hd,svm,left_swing_s,0.06302832254013954
als_to_hd,svm,right_swing_s,0.03551325026825992
als_to_hd,svm,left_swing_pct,0.44540398672828463
als_to_hd,svm,right_swing_pct,0.5489767903895114
als_to_hd,svm,left_stance_s,0.10298656581317613
als_to_hd,svm,right_stance_s,0.057058691229466545
als_to_hd,svm,double_support_s,0.004122554288311936
als_to_hd,svm,double_support_pct,0.3447278090624164
als_to_hd,svm,asymmetry_index,6.858373205638293
als_to_hd,svm,cv_stride,0.10497944407643647
als_to_hd,svm,cv_swing,0.9216339174737577
als_to_hd,svm,dfa_alpha_stride,0.3189098546864396
als_to_hd,xgb,left_stride_s,0.13173115619905143
als_to_hd,xgb,right_stride_s,0.009735470214358652
als_to_hd,xgb,left_swing_s,0.13435507640178385
als_to_hd,xgb,right_swing_s,0.6647320861802499
als_to_hd,xgb,left_swing_pct,0.17631626637226036
als_to_hd,xgb,right_swing_pct,0.15286973594897588
als_to_hd,xgb,left_stance_s,0.15483952455904634
als_to_hd,xgb,right_stance_s,0.05190196896653911
als_to_hd,xgb,double_support_s,0.010159459623940487
als_to_hd,xgb,double_support_pct,0.05976447242670668
als_to_hd,xgb,asymmetry_index,0.5585776329334974
als_to_hd,xgb,cv_stride,0.27839897706382283
als_to_hd,xgb,cv_swing,0.032934893342147734
als_to_hd,xgb,dfa_alpha_stride,0.40204589459102924
als_to_pd,dt,left_stride_s,0.06015010922111724
als_to_pd,dt,right_stride_s,0.0
als_to_pd,dt,left_swing_s,0.0
als_to_pd,dt,right_swing_s,0.0
als_to_pd,dt,left_swing_pct,0.0
als_to_pd,dt,right_swing_pct,0.0
als_to_pd,dt,left_stance_s,0.08318657495585015
als_to_pd,dt,right_stance_s,0.12983156757119724
als_to_pd,dt,double_support_s,0.22029828736997267
als_to_pd,dt,double_support_pct,0.0
als_to_pd,dt,asymmetry_index,0.0
als_to_pd,dt,cv_stride,0.0
als_to_pd,dt,cv_swing,0.9036571382312575
als_to_pd,dt,dfa_alpha_stride,0.4134398545713269
als_to_pd,knn,left_stride_s,0.09828594755396143
als_to_pd,knn,right_stride_s,0.14781295188816496
als_to_pd,knn,left_swing_s,0.17513946042998363
als_to_pd,knn,right_swing_s,0.13214086625146482
als_to_pd,knn,left_swing_pct,0.11835201215592751
als_to_pd,knn,right_swing_pct,0.17123686428587212
als_to_pd,knn,left_stance_s,0.07288051421945967
als_to_pd,knn,right_stance_s,0.09167118610160171
als_to_pd,knn,double_support_s,0.040749735150369865
als_to_pd,knn,double_support_pct,0.14994799446418736
als_to_pd,knn,asymmetry_index,0.42835938218897757
als_to_pd,knn,cv_stride,0.024067181744973926
als_to_pd,knn,cv_swing,0.05515748115964949
als_to_pd,knn,dfa_alpha_stride,0.06573278958113796
als_to_pd,lgbm,left_stride_s,0.014650787039963286
als_to_pd,lgbm,right_stride_s,0.03131802165521907
als_to_pd,lgbm,left_swing_s,0.018226230270032104
als_to_pd,lgbm,right_swing_s,0.3156955617415909
als_to_pd,lgbm,left_swing_pct,0.14834649014124937
als_to_pd,lgbm,right_swing_pct,0.3120922594500452
als_to_pd,lgbm,left_stance_s,0.1436598122167839
als_to_pd,lgbm,right_stance_s,0.01820744654553192
als_to_pd,lgbm,double_support_s,0.13125004485730302
als_to_pd,lgbm,double_support_pct,0.048613839609738224
als_to_pd,lgbm,asymmetry_index,0.0318821130682947
als_to_pd,lgbm,cv_stride,0.06935525996336217
als_to_pd,lgbm,cv_swing,0.09359592653478202
als_to_pd,lgbm,dfa_alpha_stride,0.05554632013865713
als_to_pd,qda,left_stride_s,0.24430764479769876
als_to_pd,qda,right_stride_s,0.34649507642327365
als_to_pd,qda,left_swing_s,0.14561034564293496
als_to_pd,qda,right_swing_s,0.018944790450677255
als_to_pd,qda,left_swing_pct,0.21238356534207567
als_to_pd,qda,right_swing_pct,0.3278755305153036
als_to_pd,qda,left_stance_s,0.43082827825831077
als_to_pd,qda,right_stance_s,0.22627462965632927
als_to_pd,qda,double_support_s,0.1354328352818338
als_to_pd,qda,double_support_pct,0.13707791518521778
als_to_pd,qda,asymmetry_index,0.4900500605444041
als_to_pd,qda,cv_stride,0.07774529454686852
als_to_pd,qda,cv_swing,0.3081868663253867
als_to_pd,qda,dfa_alpha_stride,0.3088737108341943
als_to_pd,rf,left_stride_s,0.03178243589333985
als_to_pd,rf,right_stride_s,0.04165251967870317
als_to_pd,rf,left_swing_s,0.41723057103595035
als_to_pd,rf,right_swing_s,0.2545520385574442
als_to_pd,rf,left_swing_pct,0.13414812841253718
als_to_pd,rf,right_swing_pct,0.14410968648648334
als_to_pd,rf,left_stance_s,0.021179001776920888
als_to_pd,rf,right_stance_s,0.1006901851280683
als_to_pd,rf,double_support_s,0.0711873670705982
als_to_pd,rf,double_support_pct,0.038805087283165694
als_to_pd,rf,asymmetry_index,0.47543808517362274
als_to_pd,rf,cv_stride,0.2836001037031624
als_to_pd,rf,cv_swing,0.3449072436522373
als_to_pd,rf,dfa_alpha_stride,0.3682770167742823
als_to_pd,svm,left_stride_s,0.012887214318686691
als_to_pd,svm,right_stride_s,0.01725368681593987
als_to_pd,svm,left_swing_s,0.40527059994642733
als_to_pd,svm,right_swing_s,0.5684732456532052
als_to_pd,svm,left_swing_pct,0.30507233641594345
als_to_pd,svm,right_swing_pct,0.8193125406500863
als_to_pd,svm,left_stance_s,0.11160086523092798
als_to_pd,svm,right_stance_s,0.10334282297299689
als_to_pd,svm,double_support_s,0.014836835427056235
als_to_pd,svm,double_support_pct,0.6016221226837388
als_to_pd,svm,asymmetry_index,1.2700699401381041
als_to_pd,svm,cv_stride,0.04231228336192605
als_to_pd,svm,cv_swing,0.4745446633140146
als_to_pd,svm,dfa_alpha_stride,0.39173719619570513
als_to_pd,xgb,left_stride_s,0.028505463636303897
als_to_pd,xgb,right_stride_s,0.08345465845352247
als_to_pd,xgb,left_swing_s,0.3310555444446644
als_to_pd,xgb,right_swing_s,1.162453143983575
als_to_pd,xgb,left_swing_pct,0.05222731236946361
als_to_pd,xgb,right_swing_pct,0.2930306107730143
als_to_pd,xgb,left_stance_s,0.08636346648321924
als_to_pd,xgb,right_stance_s,0.15614779095541265
als_to_pd,xgb,double_support_s,0.13477964083060573
als_to_pd,xgb,double_support_pct,0.09907288699418555
als_to_pd,xgb,asymmetry_index,0.2669077067037445
als_to_pd,xgb,cv_stride,0.06674009542405557
als_to_pd,xgb,cv_swing,0.20313542385272088
als_to_pd,xgb,dfa_alpha_stride,0.30321090731586897
hd_to_als,dt,left_stride_s,0.0
hd_to_als,dt,right_stride_s,0.0
hd_to_als,dt,left_swing_s,0.0
hd_to_als,dt,right_swing_s,0.0
hd_to_als,dt,left_swing_pct,0.0
hd_to_als,dt,right_swing_pct,0.0
hd_to_als,dt,left_stance_s,0.0
hd_to_als,dt,right_stance_s,0.0
hd_to_als,dt,double_support_s,0.0
hd_to_als,dt,double_support_pct,0.0
hd_to_als,dt,asymmetry_index,0.0
hd_to_als,dt,cv_stride,2.220446049250313e-15
hd_to_als,dt,cv_swing,0.0
hd_to_als,dt,dfa_alpha_stride,0.0
hd_to_als,knn,left_stride_s,1.6894252923776276
hd_to_als,knn,right_stride_s,1.6232662272317333
hd_to_als,knn,left_swing_s,0.45004777938322116
hd_to_als,knn,right_swing_s,0.3762931474459617
hd_to_als,knn,left_swing_pct,0.20323092574264875
hd_to_als,knn,right_swing_pct,0.06883578226224948
hd_to_als,knn,left_stance_s,1.4912847196066856
hd_to_als,knn,right_stance_s,1.2222466605724251
hd_to_als,knn,double_support_s,0.39193407078192277
hd_to_als,knn,double_support_pct,0.25583588745400715
hd_to_als,knn,asymmetry_index,0.49608886006567054
hd_to_als,knn,cv_stride,0.2570026648281261
hd_to_als,knn,cv_swing,0.6109699939044709
hd_to_als,knn,dfa_alpha_stride,0.060031469508499954
hd_to_als,lgbm,left_stride_s,0.0966054368058544
hd_to_als,lgbm,right_stride_s,0.014281858660712014
hd_to_als,lgbm,left_swing_s,0.036521451852361254
hd_to_als,lgbm,right_swing_s,0.02010263048183615
hd_to_als,lgbm,left_swing_pct,0.0
hd_to_als,lgbm,right_swing_pct,0.0
hd_to_als,lgbm,left_stance_s,0.007397890616479113
hd_to_als,lgbm,right_stance_s,0.0
hd_to_als,lgbm,double_support_s,0.0
hd_to_als,lgbm,double_support_pct,0.0
hd_to_als,lgbm,asymmetry_index,0.0
hd_to_als,lgbm,cv_stride,2.4170380980934952e-08
hd_to_als,lgbm,cv_swing,0.0
hd_to_als,lgbm,dfa_alpha_stride,0.0
hd_to_als,qda,left_stride_s,0.8384771888085257
hd_to_als,qda,right_stride_s,0.8951066193834161
hd_to_als,qda,left_swing_s,0.03480063427868345
hd_to_als,qda,right_swing_s,0.037439715079754826
hd_to_als,qda,left_swing_pct,0.06526503192500539
hd_to_als,qda,right_swing_pct,0.06881299667161699
hd_to_als,qda,left_stance_s,0.3422528565517435
hd_to_als,qda,right_stance_s,0.2380449590413689
hd_to_als,qda,double_support_s,0.1177764594185046
hd_to_als,qda,double_support_pct,0.07761967617531892
hd_to_als,qda,asymmetry_index,0.4000303953250141
hd_to_als,qda,cv_stride,0.3771763313784597
hd_to_als,qda,cv_swing,0.3694446001420312
hd_to_als,qda,dfa_alpha_stride,0.2095852066402015
hd_to_als,rf,left_stride_s,0.4835601404277116
hd_to_als,rf,right_stride_s,0.5376266565680525
hd_to_als,rf,left_swing_s,0.017206404883692836
hd_to_als,rf,right_swing_s,0.07800266774399311
hd_to_als,rf,left_swing_pct,0.06903339624694711
hd_to_als,rf,right_swing_pct,0.25004008527017396
hd_to_als,rf,left_stance_s,0.10362601864501267
hd_to_als,rf,right_stance_s,0.30682292712504416
hd_to_als,rf,double_support_s,0.04639007726792469
hd_to_als,rf,double_support_pct,0.08797288662461882
hd_to_als,rf,asymmetry_index,0.11979731716113269
hd_to_als,rf,cv_stride,0.1087768719486977
hd_to_als,rf,cv_swing,0.14976967276324213
hd_to_als,rf,dfa_alpha_stride,0.13405962362954932
hd_to_als,svm,left_stride_s,1.2181767814059348
hd_to_als,svm,right_stride_s,1.2975518523984013
hd_to_als,svm,left_swing_s,0.10305155237312258
hd_to_als,svm,right_swing_s,0.28653783802682314
hd_to_als,svm,left_swing_pct,0.37063678885076645
hd_to_als,svm,right_swing_pct,0.749505016423586
hd_to_als,svm,left_stance_s,1.2005764940213688
hd_to_als,svm,right_stance_s,0.8801188044644935
hd_to_als,svm,double_support_s,0.825152058416125
hd_to_als,svm,double_support_pct,0.512219489610628
hd_to_als,svm,asymmetry_index,0.5928143241636651
hd_to_als,svm,cv_stride,0.23774384520002625
hd_to_als,svm,cv_swing,0.2706559043188921
hd_to_als,svm,dfa_alpha_stride,0.27012330508592275
hd_to_als,xgb,left_stride_s,0.0
hd_to_als,xgb,right_stride_s,0.0
hd_to_als,xgb,left_swing_s,0.0
hd_to_als,xgb,right_swing_s,0.0
hd_to_als,xgb,left_swing_pct,0.0
hd_to_als,xgb,right_swing_pct,0.0
hd_to_als,xgb,left_stance_s,0.0
hd_to_als,xgb,right_stance_s,0.0
hd_to_als,xgb,double_support_s,0.0
hd_to_als,xgb,double_support_pct,0.0
hd_to_als,xgb,asymmetry_index,0.0
hd_to_als,xgb,cv_stride,1.4682544278031819e-08
hd_to_als,xgb,cv_swing,0.0
hd_to_als,xgb,dfa_alpha_stride,0.0
hd_to_pd,dt,left_stride_s,0.0
hd_to_pd,dt,right_stride_s,0.0
hd_to_pd,dt,left_swing_s,0.0
hd_to_pd,dt,right_swing_s,0.0
hd_to_pd,dt,left_swing_pct,0.0
hd_to_pd,dt,right_swing_pct,0.0
hd_to_pd,dt,left_stance_s,0.0
hd_to_pd,dt,right_stance_s,0.0
hd_to_pd,dt,double_support_s,0.0
hd_to_pd,dt,double_support_pct,0.0
hd_to_pd,dt,asymmetry_index,0.0
hd_to_pd,dt,cv_stride,4.773959005888152e-15
hd_to_pd,dt,cv_swing,0.0
hd_to_pd,dt,dfa_alpha_stride,0.0
hd_to_pd,knn,left_stride_s,0.9091847266951466
hd_to_pd,knn,right_stride_s,0.9218863899949513
hd_to_pd,knn,left_swing_s,0.4459907737534284
hd_to_pd,knn,right_swing_s,0.9366325926236935
hd_to_pd,knn,left_swing_pct,0.28102034212131355
hd_to_pd,knn,right_swing_pct,0.4150136281363065
hd_to_pd,knn,left_stance_s,0.9318541248340444
hd_to_pd,knn,right_stance_s,0.5286416382048942
hd_to_pd,knn,double_support_s,0.23793949639347392
hd_to_pd,knn,double_support_pct,0.09119919183007345
hd_to_pd,knn,asymmetry_index,0.27587384290153516
hd_to_pd,knn,cv_stride,0.16996136149264135
hd_to_pd,knn,cv_swing,0.3116507544491667
hd_to_pd,knn,dfa_alpha_stride,0.08573948570138686
hd_to_pd,lgbm,left_stride_s,0.10839234970555875
hd_to_pd,lgbm,right_stride_s,0.05779867268098979
hd_to_pd,lgbm,left_swing_s,0.03640224456946765
hd_to_pd,lgbm,right_swing_s,0.031336609641545644
hd_to_pd,lgbm,left_swing_pct,0.0
hd_to_pd,lgbm,right_swing_pct,0.0
hd_to_pd,lgbm,left_stance_s,0.028473840181341227
hd_to_pd,lgbm,right_stance_s,0.0
hd_to_pd,lgbm,double_support_s,0.0
hd_to_pd,lgbm,double_support_pct,0.0
hd_to_pd,lgbm,asymmetry_index,0.0
hd_to_pd,lgbm,cv_stride,8.832544224876939e-11
hd_to_pd,lgbm,cv_swing,0.0
hd_to_pd,lgbm,dfa_alpha_stride,0.0
hd_to_pd,qda,left_stride_s,0.03492913293903486
hd_to_pd,qda,right_stride_s,0.33021137551878355
hd_to_pd,qda,left_swing_s,0.04265242998473378
hd_to_pd,qda,right_swing_s,0.09233099954925676
hd_to_pd,qda,left_swing_pct,0.0366707351084857
hd_to_pd,qda,right_swing_pct,0.09957504199225646
hd_to_pd,qda,left_stance_s,0.11257131689235218
hd_to_pd,qda,right_stance_s,0.10804667315714862
hd_to_pd,qda,double_support_s,0.10863936748294094
hd_to_pd,qda,double_support_pct,0.06591127011767121
hd_to_pd,qda,asymmetry_index,0.2849329574822284
hd_to_pd,qda,cv_stride,0.4468940520115716
hd_to_pd,qda,cv_swing,0.29101917368507924
hd_to_pd,qda,dfa_alpha_stride,0.20736416412835548
hd_to_pd,rf,left_stride_s,0.24822571595482112
hd_to_pd,rf,right_stride_s,0.11595163714284008
hd_to_pd,rf,left_swing_s,0.22024196115634098
hd_to_pd,rf,right_swing_s,0.043864197374231646
hd_to_pd,rf,left_swing_pct,0.16100150223882
hd_to_pd,rf,right_swing_pct,0.12040566854648901
hd_to_pd,rf,left_stance_s,0.02564604512492241
hd_to_pd,rf,right_stance_s,0.017180784192774877
hd_to_pd,rf,double_support_s,0.23705319896062693
hd_to_pd,rf,double_support_pct,0.08254635957571461
hd_to_pd,rf,asymmetry_index,0.14147626716318898
hd_to_pd,rf,cv_stride,0.05039976515336957
hd_to_pd,rf,cv_swing,0.06280663452731927
hd_to_pd,rf,dfa_alpha_stride,0.01951549012876199
hd_to_pd,svm,left_stride_s,0.4796092432337025
hd_to_pd,svm,right_stride_s,0.5119995350994064
hd_to_pd,svm,left_swing_s,0.020274486684710307
hd_to_pd,svm,right_swing_s,0.9501596082016476
hd_to_pd,svm,left_swing_pct,0.04580803400657663
hd_to_pd,svm,right_swing_pct,0.16157072243267281
hd_to_pd,svm,left_stance_s,0.5362000700164473
hd_to_pd,svm,right_stance_s,0.1603825664027088
hd_to_pd,svm,double_support_s,0.31952473943215937
hd_to_pd,svm,double_support_pct,0.2108570821317569
hd_to_pd,svm,asymmetry_index,0.4225798177897737
hd_to_pd,svm,cv_stride,0.21948331749332936
hd_to_pd,svm,cv_swing,0.005560271319473811
hd_to_pd,svm,dfa_alpha_stride,0.11435782294238563
hd_to_pd,xgb,left_stride_s,0.0
hd_to_pd,xgb,right_stride_s,0.0
hd_to_pd,xgb,left_swing_s,0.0
hd_to_pd,xgb,right_swing_s,0.0
hd_to_pd,xgb,left_swing_pct,0.0
hd_to_pd,xgb,right_swing_pct,0.0
hd_to_pd,xgb,left_stance_s,0.0
hd_to_pd,xgb,right_stance_s,0.0
hd_to_pd,xgb,double_support_s,0.0
hd_to_pd,xgb,double_support_pct,0.0
hd_to_pd,xgb,asymmetry_index,0.0
hd_to_pd,xgb,cv_stride,1.785256983495719e-14
hd_to_pd,xgb,cv_swing,0.0
hd_to_pd,xgb,dfa_alpha_stride,0.0
pd_to_als,dt,left_stride_s,0.3108684459326622
pd_to_als,dt,right_stride_s,0.6238509722249329
pd_to_als,dt,left_swing_s,0.0
pd_to_als,dt,right_swing_s,0.0
pd_to_als,dt,left_swing_pct,0.0
pd_to_als,dt,right_swing_pct,0.0
pd_to_als,dt,left_stance_s,0.0
pd_to_als,dt,right_stance_s,0.0
pd_to_als,dt,double_support_s,0.0
pd_to_als,dt,double_support_pct,0.0
pd_to_als,dt,asymmetry_index,2.0755506664751922e-08
pd_to_als,dt,cv_stride,0.09158162596540449
pd_to_als,dt,cv_swing,0.0
pd_to_als,dt,dfa_alpha_stride,1.2783637461707813
pd_to_als,knn,left_stride_s,0.6586832281310839
pd_to_als,knn,right_stride_s,0.5844757272431652
pd_to_als,knn,left_swing_s,0.589072767744961
pd_to_als,knn,right_swing_s,0.017563607926174143
pd_to_als,knn,left_swing_pct,0.07451662608726389
pd_to_als,knn,right_swing_pct,0.08390724574862304
pd_to_als,knn,left_stance_s,0.6043834195391891
pd_to_als,knn,right_stance_s,0.5234839989429608
pd_to_als,knn,double_support_s,0.245567682754699
pd_to_als,knn,double_support_pct,0.08020813248339687
pd_to_als,knn,asymmetry_index,0.22596237984198608
pd_to_als,knn,cv_stride,0.06924392552463758
pd_to_als,knn,cv_swing,0.23602858068446458
pd_to_als,knn,dfa_alpha_stride,0.2710187579048268
pd_to_als,lgbm,left_stride_s,0.8235849292429387
pd_to_als,lgbm,right_stride_s,0.6944493534844453
pd_to_als,lgbm,left_swing_s,0.7882817849780659
pd_to_als,lgbm,right_swing_s,0.41144729698867966
pd_to_als,lgbm,left_swing_pct,0.41342566775903133
pd_to_als,lgbm,right_swing_pct,0.12810918681761513
pd_to_als,lgbm,left_stance_s,0.39260310250543573
pd_to_als,lgbm,right_stance_s,0.37928959178263044
pd_to_als,lgbm,double_support_s,0.7502808320404896
pd_to_als,lgbm,double_support_pct,0.5710769787437961
pd_to_als,lgbm,asymmetry_index,0.025648761448017907
pd_to_als,lgbm,cv_stride,0.08419911904046294
pd_to_als,lgbm,cv_swing,0.305645060481682
pd_to_als,lgbm,dfa_alpha_stride,0.13682404984915414
pd_to_als,qda,left_stride_s,0.6103090830629275
pd_to_als,qda,right_stride_s,0.7063228198828473
pd_to_als,qda,left_swing_s,0.621268169166007
pd_to_als,qda,right_swing_s,0.05291074017239072
pd_to_als,qda,left_swing_pct,0.6755868913398742
pd_to_als,qda,right_swing_pct,0.26571522113660917
pd_to_als,qda,left_stance_s,0.5340086794020247
pd_to_als,qda,right_stance_s,0.40463390456313153
pd_to_als,qda,double_support_s,0.3428958601309816
pd_to_als,qda,double_support_pct,0.029203183578159847
pd_to_als,qda,asymmetry_index,0.14810603897014693
pd_to_als,qda,cv_stride,0.1324394725744354
pd_to_als,qda,cv_swing,0.302571620974762
pd_to_als,qda,dfa_alpha_stride,0.11190644496488511
pd_to_als,rf,left_stride_s,0.2474458754152973
pd_to_als,rf,right_stride_s,0.4359200703235842
pd_to_als,rf,left_swing_s,0.05185023467366407
pd_to_als,rf,right_swing_s,0.11914029870908545
pd_to_als,rf,left_swing_pct,0.09597565634018941
pd_to_als,rf,right_swing_pct,0.045433673606485925
pd_to_als,rf,left_stance_s,0.220040525232855
pd_to_als,rf,right_stance_s,0.13524893998840315
pd_to_als,rf,double_support_s,0.05011171366453457
pd_to_als,rf,double_support_pct,0.4220372429160914
pd_to_als,rf,asymmetry_index,0.1472188485977499
pd_to_als,rf,cv_stride,0.0013900987512424803
pd_to_als,rf,cv_swing,0.03404992981018078
pd_to_als,rf,dfa_alpha_stride,0.05420998146379806
pd_to_als,svm,left_stride_s,0.992635784395668
pd_to_als,svm,right_stride_s,0.9181642168488934
pd_to_als,svm,left_swing_s,0.26759640083193176
pd_to_als,svm,right_swing_s,0.07698665837463002
pd_to_als,svm,left_swing_pct,0.06350111165215701
pd_to_als,svm,right_swing_pct,0.24572157879321926
pd_to_als,svm,left_stance_s,0.841153515161365
pd_to_als,svm,right_stance_s,0.5984525208477329
pd_to_als,svm,double_support_s,0.4160674632736966
pd_to_als,svm,double_support_pct,0.04535618770980277
pd_to_als,svm,asymmetry_index,0.05323166741025118
pd_to_als,svm,cv_stride,0.02828369087702375
pd_to_als,svm,cv_swing,0.19161286138054526
pd_to_als,svm,dfa_alpha_stride,0.13630390306251652
pd_to_als,xgb,left_stride_s,0.8017140181333109
pd_to_als,xgb,right_stride_s,0.759291801808946
pd_to_als,xgb,left_swing_s,0.604454079316046
pd_to_als,xgb,right_swing_s,0.7156287456434505
pd_to_als,xgb,left_swing_pct,0.28596828306129085
pd_to_als,xgb,right_swing_pct,0.3248466847805211
pd_to_als,xgb,left_stance_s,0.2188207620446758
pd_to_als,xgb,right_stance_s,0.4148544896482774
pd_to_als,xgb,double_support_s,0.607657799899256
pd_to_als,xgb,double_support_pct,0.2303065734673803
pd_to_als,xgb,asymmetry_index,0.04729793728522021
pd_to_als,xgb,cv_stride,0.12155438243644484
pd_to_als,xgb,cv_swing,0.18378492162920948
pd_to_als,xgb,dfa_alpha_stride,0.03093792541117698
pd_to_hd,dt,left_stride_s,0.20627073181512384
pd_to_hd,dt,right_stride_s,0.16809860437087387
pd_to_hd,dt,left_swing_s,0.0
pd_to_hd,dt,right_swing_s,0.0
pd_to_hd,dt,left_swing_pct,0.0
pd_to_hd,dt,right_swing_pct,0.0
pd_to_hd,dt,left_stance_s,0.0
pd_to_hd,dt,right_stance_s,0.0
pd_to_hd,dt,double_support_s,0.0
pd_to_hd,dt,double_support_pct,0.0
pd_to_hd,dt,asymmetry_index,3.408829359306554e-08
pd_to_hd,dt,cv_stride,0.013961905766003426
pd_to_hd,dt,cv_swing,0.0
pd_to_hd,dt,dfa_alpha_stride,0.17971503172253642
pd_to_hd,knn,left_stride_s,0.12724565725970374
pd_to_hd,knn,right_stride_s,0.14089924599946158
pd_to_hd,knn,left_swing_s,0.07474365254489797
pd_to_hd,knn,right_swing_s,0.02700866699103483
pd_to_hd,knn,left_swing_pct,0.09821776046213562
pd_to_hd,knn,right_swing_pct,0.0274041990962884
pd_to_hd,knn,left_stance_s,0.056786719375661696
pd_to_hd,knn,right_stance_s,0.1199603070804202
pd_to_hd,knn,double_support_s,0.07500377745280028
pd_to_hd,knn,double_support_pct,0.06016693323318469
pd_to_hd,knn,asymmetry_index,1.1968744760212706
pd_to_hd,knn,cv_stride,0.2226674461489924
pd_to_hd,knn,cv_swing,0.0982908066043226
pd_to_hd,knn,dfa_alpha_stride,0.1983282777206156
pd_to_hd,lgbm,left_stride_s,0.08214827850451503
pd_to_hd,lgbm,right_stride_s,0.1581546557839032
pd_to_hd,lgbm,left_swing_s,0.13037743940264016
pd_to_hd,lgbm,right_swing_s,0.16770393261956731
pd_to_hd,lgbm,left_swing_pct,0.10081058937034515
pd_to_hd,lgbm,right_swing_pct,0.14544151049826112
pd_to_hd,lgbm,left_stance_s,0.20809763941466106
pd_to_hd,lgbm,right_stance_s,0.06129690667873666
pd_to_hd,lgbm,double_support_s,0.023289497541564876
pd_to_hd,lgbm,double_support_pct,0.6107888674048946
pd_to_hd,lgbm,asymmetry_index,0.8588895240952893
pd_to_hd,lgbm,cv_stride,0.05821212436295537
pd_to_hd,lgbm,cv_swing,0.13509886926273956
pd_to_hd,lgbm,dfa_alpha_stride,0.20415768750125685
pd_to_hd,qda,left_stride_s,0.16111803794088267
pd_to_hd,qda,right_stride_s,0.13442029613735204
pd_to_hd,qda,left_swing_s,0.3529906146265829
pd_to_hd,qda,right_swing_s,0.2995746542179801
pd_to_hd,qda,left_swing_pct,0.11073989020775074
pd_to_hd,qda,right_swing_pct,0.2657043447701736
pd_to_hd,qda,left_stance_s,0.238631405338602
pd_to_hd,qda,right_stance_s,0.2099110441530063
pd_to_hd,qda,double_support_s,0.21357512668862771
pd_to_hd,qda,double_support_pct,0.1705433729009855
pd_to_hd,qda,asymmetry_index,0.5176065387369236
pd_to_hd,qda,cv_stride,0.18188491169099605
pd_to_hd,qda,cv_swing,0.06078830995920138
pd_to_hd,qda,dfa_alpha_stride,0.07132496184141751
pd_to_hd,rf,left_stride_s,0.20315651334268786
pd_to_hd,rf,right_stride_s,0.16314075412525977
pd_to_hd,rf,left_swing_s,0.21361660748544417
pd_to_hd,rf,right_swing_s,0.1341790445011533
pd_to_hd,rf,left_swing_pct,0.1385452094545124
pd_to_hd,rf,right_swing_pct,0.043125185449812115
pd_to_hd,rf,left_stance_s,0.09325437019339292
pd_to_hd,rf,right_stance_s,0.17789858694376745
pd_to_hd,rf,double_support_s,0.08164988263947004
pd_to_hd,rf,double_support_pct,0.38430711377565796
pd_to_hd,rf,asymmetry_index,0.8840050881085206
pd_to_hd,rf,cv_stride,0.023209322131269725
pd_to_hd,rf,cv_swing,0.0064900949917391275
pd_to_hd,rf,dfa_alpha_stride,0.07857670224444882
pd_to_hd,svm,left_stride_s,0.18188599277018308
pd_to_hd,svm,right_stride_s,0.1591079143273249
pd_to_hd,svm,left_swing_s,6.369489158106318
pd_to_hd,svm,right_swing_s,0.11283596397283754
pd_to_hd,svm,left_swing_pct,0.03258917268066067
pd_to_hd,svm,right_swing_pct,0.05066948011752527
pd_to_hd,svm,left_stance_s,0.2624180221182556
pd_to_hd,svm,right_stance_s,0.1947732341336631
pd_to_hd,svm,double_support_s,0.20791908260860287
pd_to_hd,svm,double_support_pct,0.1512841654087816
pd_to_hd,svm,asymmetry_index,0.43555460550886227
pd_to_hd,svm,cv_stride,0.08271934931157442
pd_to_hd,svm,cv_swing,0.0711041213627931
pd_to_hd,svm,dfa_alpha_stride,0.04869517118259839
pd_to_hd,xgb,left_stride_s,0.08292504487098436
pd_to_hd,xgb,right_stride_s,0.10905354862358983
pd_to_hd,xgb,left_swing_s,0.18600329562846224
pd_to_hd,xgb,right_swing_s,0.03639550390988618
pd_to_hd,xgb,left_swing_pct,0.1188608630471457
pd_to_hd,xgb,right_swing_pct,0.11950764589991443
pd_to_hd,xgb,left_stance_s,0.07435070391484247
pd_to_hd,xgb,right_stance_s,0.0776469553855667
pd_to_hd,xgb,double_support_s,0.035290336688793486
pd_to_hd,xgb,double_support_pct,0.17840034981065367
pd_to_hd,xgb,asymmetry_index,0.894428233370199
pd_to_hd,xgb,cv_stride,0.05181156156006539
pd_to_hd,xgb,cv_swing,0.09796099003715719
pd_to_hd,xgb,dfa_alpha_stride,0.03209945155209849
