direction,classifier,feature,delta_j
als_to_hd,dt,left_stride_s,0.0002631581472025521
als_to_hd,dt,right_stride_s,0.0
als_to_hd,dt,left_swing_s,0.0
als_to_hd,dt,right_swing_s,0.0
als_to_hd,dt,left_swing_pct,0.0
als_to_hd,dt,right_swing_pct,0.0
als_to_hd,dt,left_stance_s,0.03367207625675281
als_to_hd,dt,right_stance_s,0.003643137981090644
als_to_hd,dt,double_support_s,0.010743903749957782
als_to_hd,dt,double_support_pct,0.0
als_to_hd,dt,asymmetry_index,0.0
als_to_hd,dt,cv_stride,0.0
als_to_hd,dt,cv_swing,0.05039489722425124
als_to_hd,dt,dfa_alpha_stride,0.08216959940768928
als_to_hd,knn,left_stride_s,0.0024240334944123157
als_to_hd,knn,right_stride_s,0.0010449206007208667
als_to_hd,knn,left_swing_s,0.00418861998148649
als_to_hd,knn,right_swing_s,0.005038286824140779
als_to_hd,knn,left_swing_pct,0.0008148591873307666
als_to_hd,knn,right_swing_pct,0.00038992323063818946
als_to_hd,knn,left_stance_s,0.0008357691530718331
als_to_hd,knn,right_stance_s,0.0013286765334030032
als_to_hd,knn,double_support_s,0.004334522086627456
als_to_hd,knn,double_support_pct,0.004932328793119896
als_to_hd,knn,asymmetry_index,0.007210305144745888
als_to_hd,knn,cv_stride,0.015004716042080896
als_to_hd,knn,cv_swing,0.016161198467613908
als_to_hd,knn,dfa_alpha_stride,0.005933211824640697
als_to_hd,lgbm,left_stride_s,0.0009628437218576723
als_to_hd,lgbm,right_stride_s,0.0015983315464965023
als_to_hd,lgbm,left_swing_s,2.1567691804536134e-05
als_to_hd,lgbm,right_swing_s,1.0578977175227581e-05
als_to_hd,lgbm,left_swing_pct,0.00016960285119719927
als_to_hd,lgbm,right_swing_pct,5.1622110286849506e-05
als_to_hd,lgbm,left_stance_s,0.016153451731337573
als_to_hd,lgbm,right_stance_s,0.016122483662186528
als_to_hd,lgbm,double_support_s,0.0026850368013823615
als_to_hd,lgbm,double_support_pct,0.00018310485035285054
als_to_hd,lgbm,asymmetry_index,4.905369770002738e-06
als_to_hd,lgbm,cv_stride,0.05292624681122743
als_to_hd,lgbm,cv_swing,0.006088371032198482
als_to_hd,lgbm,dfa_alpha_stride,0.0006387032279967231
als_to_hd,qda,left_stride_s,0.002759610148848464
als_to_hd,qda,right_stride_s,0.00853734240691749
als_to_hd,qda,left_swing_s,0.011567810452179535
als_to_hd,qda,right_swing_s,0.004207237304058975
als_to_hd,qda,left_swing_pct,0.0027649343250873634
als_to_hd,qda,right_swing_pct,0.0005547387126897882
als_to_hd,qda,left_stance_s,0.008704977713182007
als_to_hd,qda,right_stance_s,0.005583086918179565
als_to_hd,qda,double_support_s,0.010230997641540625
als_to_hd,qda,double_support_pct,0.0033139021826753268
als_to_hd,qda,asymmetry_index,0.013621563826882559
als_to_hd,qda,cv_stride,0.038522061423584775
als_to_hd,qda,cv_swing,0.02619396271709814
als_to_hd,qda,dfa_alpha_stride,0.007673203557169411
als_to_hd,rf,left_stride_s,0.000497492836561024
als_to_hd,rf,right_stride_s,0.0017825365987819003
als_to_hd,rf,left_swing_s,0.0010121940469444983
als_to_hd,rf,right_swing_s,0.0005112930386035122
als_to_hd,rf,left_swing_pct,0.0011123660239786837
als_to_hd,rf,right_swing_pct,0.0017628387358762584
als_to_hd,rf,left_stance_s,0.007031751130141775
als_to_hd,rf,right_stance_s,0.004803814984892907
als_to_hd,rf,double_support_s,0.0009844543349412371
als_to_hd,rf,double_support_pct,0.0019041647036947803
als_to_hd,rf,asymmetry_index,0.0009637746577132342
als_to_hd,rf,cv_stride,0.04318214459917124
als_to_hd,rf,cv_swing,0.015434419222572805
als_to_hd,rf,dfa_alpha_stride,0.025030634151993178
als_to_hd,svm,left_stride_s,0.004619765811533238
als_to_hd,svm,right_stride_s,0.005094558379660351
als_to_hd,svm,left_swing_s,0.0010519036669409572
als_to_hd,svm,right_swing_s,0.0006606085776039994
als_to_hd,svm,left_swing_pct,0.0024487603765277616
als_to_hd,svm,right_swing_pct,0.008202658531340322
als_to_hd,svm,left_stance_s,0.00429536928044226
als_to_hd,svm,right_stance_s,0.0025235695564743213
als_to_hd,svm,double_support_s,0.0002576428145460441
als_to_hd,svm,double_support_pct,0.00917788242034524
als_to_hd,svm,asymmetry_index,0.0006729415260667511
als_to_hd,svm,cv_stride,0.009248377088771478
als_to_hd,svm,cv_swing,0.01541696476714385
als_to_hd,svm,dfa_alpha_stride,0.03504976787351305
als_to_hd,xgb,left_stride_s,0.0042274537368469055
als_to_hd,xgb,right_stride_s,0.00027243489661685563
als_to_hd,xgb,left_swing_s,0.00017553568037413387
als_to_hd,xgb,right_swing_s,0.0001379840644015811
als_to_hd,xgb,left_swing_pct,3.044790843388396e-05
als_to_hd,xgb,right_swing_pct,0.0021336347797276077
als_to_hd,xgb,left_stance_s,0.015300360932730198
als_to_hd,xgb,right_stance_s,0.004016847932345302
als_to_hd,xgb,double_support_s,0.00030794585262463106
als_to_hd,xgb,double_support_pct,0.0003362983510128729
als_to_hd,xgb,asymmetry_index,0.0010935833715549023
als_to_hd,xgb,cv_stride,0.0243320597828615
als_to_hd,xgb,cv_swing,0.0016542393321675522
als_to_hd,xgb,dfa_alpha_stride,0.034874897489931375
als_to_pd,dt,left_stride_s,0.00012649704483898988
als_to_pd,dt,right_stride_s,0.0
als_to_pd,dt,left_swing_s,0.0
als_to_pd,dt,right_swing_s,0.0
als_to_pd,dt,left_swing_pct,0.0
als_to_pd,dt,right_swing_pct,0.0
als_to_pd,dt,left_stance_s,0.01886098881432191
als_to_pd,dt,right_stance_s,0.00964054195786429
als_to_pd,dt,double_support_s,0.011565579916779936
als_to_pd,dt,double_support_pct,0.0
als_to_pd,dt,asymmetry_index,0.0
als_to_pd,dt,cv_stride,0.0
als_to_pd,dt,cv_swing,0.11015943956736854
als_to_pd,dt,dfa_alpha_stride,0.03590718278680359
als_to_pd,knn,left_stride_s,0.0035135994979008933
als_to_pd,knn,right_stride_s,0.005319795865923731
als_to_pd,knn,left_swing_s,0.0041733739743593755
als_to_pd,knn,right_swing_s,0.003464184983915805
als_to_pd,knn,left_swing_pct,0.0022923391620652545
als_to_pd,knn,right_swing_pct,0.003484470800377181
als_to_pd,knn,left_stance_s,0.0028673473229259908
als_to_pd,knn,right_stance_s,0.003395801909631943
als_to_pd,knn,double_support_s,0.0018468292192809904
als_to_pd,knn,double_support_pct,0.004394475716403858
als_to_pd,knn,asymmetry_index,0.0020484646216973124
als_to_pd,knn,cv_stride,0.0015830099491309785
als_to_pd,knn,cv_swing,0.0021933628905893565
als_to_pd,knn,dfa_alpha_stride,0.005072092288374436
als_to_pd,lgbm,left_stride_s,0.00025506653768566506
als_to_pd,lgbm,right_stride_s,0.00030866231835944766
als_to_pd,lgbm,left_swing_s,3.756732689711985e-06
als_to_pd,lgbm,right_swing_s,6.223204756558456e-05
als_to_pd,lgbm,left_swing_pct,5.5393014574456486e-05
als_to_pd,lgbm,right_swing_pct,0.00027206549245070537
als_to_pd,lgbm,left_stance_s,0.013354628158968776
als_to_pd,lgbm,right_stance_s,0.0012052661641996781
als_to_pd,lgbm,double_support_s,0.003829958450522898
als_to_pd,lgbm,double_support_pct,0.0001563744362237927
als_to_pd,lgbm,asymmetry_index,9.935844283997185e-06
als_to_pd,lgbm,cv_stride,0.007412924123034972
als_to_pd,lgbm,cv_swing,0.003781296642404848
als_to_pd,lgbm,dfa_alpha_stride,0.004324301484135609
als_to_pd,qda,left_stride_s,0.002771578275876473
als_to_pd,qda,right_stride_s,0.008180667494332178
als_to_pd,qda,left_swing_s,0.007248334253537277
als_to_pd,qda,right_swing_s,0.0008449147109124353
als_to_pd,qda,left_swing_pct,0.006926828511794096
als_to_pd,qda,right_swing_pct,0.006679818730938338
als_to_pd,qda,left_stance_s,0.00827099179240239
als_to_pd,qda,right_stance_s,0.006798837662407641
als_to_pd,qda,double_support_s,0.005737503127635692
als_to_pd,qda,double_support_pct,0.010115618495574977
als_to_pd,qda,asymmetry_index,0.004512813448971581
als_to_pd,qda,cv_stride,0.005257507735173805
als_to_pd,qda,cv_swing,0.013194812353782386
als_to_pd,qda,dfa_alpha_stride,0.021818702016712502
als_to_pd,rf,left_stride_s,0.0018431096204338943
als_to_pd,rf,right_stride_s,0.0030466846020249794
als_to_pd,rf,left_swing_s,0.0013157010886531186
als_to_pd,rf,right_swing_s,0.0012604140634798078
als_to_pd,rf,left_swing_pct,0.0009124120503416471
als_to_pd,rf,right_swing_pct,0.0015297550409973312
als_to_pd,rf,left_stance_s,0.001981717915212622
als_to_pd,rf,right_stance_s,0.007946190414420573
als_to_pd,rf,double_support_s,0.0031544686123943094
als_to_pd,rf,double_support_pct,0.0002960448785711816
als_to_pd,rf,asymmetry_index,0.0002964633872096711
als_to_pd,rf,cv_stride,0.01600134830059373
als_to_pd,rf,cv_swing,0.01842914430809834
als_to_pd,rf,dfa_alpha_stride,0.018697367506539747
als_to_pd,svm,left_stride_s,0.0004404307040172875
als_to_pd,svm,right_stride_s,0.0006927729686154876
als_to_pd,svm,left_swing_s,0.006763715310229807
als_to_pd,svm,right_swing_s,0.010574596799268018
als_to_pd,svm,left_swing_pct,0.0016772392522260296
als_to_pd,svm,right_swing_pct,0.012241940127210868
als_to_pd,svm,left_stance_s,0.004654654948372382
als_to_pd,svm,right_stance_s,0.004570606096882049
als_to_pd,svm,double_support_s,0.0009272416487984964
als_to_pd,svm,double_support_pct,0.016017324278161767
als_to_pd,svm,asymmetry_index,0.0001246188817511177
als_to_pd,svm,cv_stride,0.0037275864358154442
als_to_pd,svm,cv_swing,0.007938117538131374
als_to_pd,svm,dfa_alpha_stride,0.04305385231134076
als_to_pd,xgb,left_stride_s,0.0009147838088724991
als_to_pd,xgb,right_stride_s,0.0023353737128236074
als_to_pd,xgb,left_swing_s,0.00043252597173725556
als_to_pd,xgb,right_swing_s,0.00024130023745101643
als_to_pd,xgb,left_swing_pct,9.019090823922225e-06
als_to_pd,xgb,right_swing_pct,0.004089889378579643
als_to_pd,xgb,left_stance_s,0.00853394643467642
als_to_pd,xgb,right_stance_s,0.012084742501663567
als_to_pd,xgb,double_support_s,0.004085338472731837
als_to_pd,xgb,double_support_pct,0.0005574892110465106
als_to_pd,xgb,asymmetry_index,0.0005225519455950537
als_to_pd,xgb,cv_stride,0.005833081755159328
als_to_pd,xgb,cv_swing,0.010202996689613594
als_to_pd,xgb,dfa_alpha_stride,0.026301597589633657
hd_to_als,dt,left_stride_s,0.0
hd_to_als,dt,right_stride_s,0.0
hd_to_als,dt,left_swing_s,0.0
hd_to_als,dt,right_swing_s,0.0
hd_to_als,dt,left_swing_pct,0.0
hd_to_als,dt,right_swing_pct,0.0
hd_to_als,dt,left_stance_s,0.0
hd_to_als,dt,right_stance_s,0.0
hd_to_als,dt,double_support_s,0.0
hd_to_als,dt,double_support_pct,0.0
hd_to_als,dt,asymmetry_index,0.0
hd_to_als,dt,cv_stride,1.1102230246251565e-15
hd_to_als,dt,cv_swing,0.0
hd_to_als,dt,dfa_alpha_stride,0.0
hd_to_als,knn,left_stride_s,0.032523978373251244
hd_to_als,knn,right_stride_s,0.03224984035860972
hd_to_als,knn,left_swing_s,0.01284265191797922
hd_to_als,knn,right_swing_s,0.0054469553516174034
hd_to_als,knn,left_swing_pct,0.005917959459289718
hd_to_als,knn,right_swing_pct,0.0009717690062895565
hd_to_als,knn,left_stance_s,0.02573847105028266
hd_to_als,knn,right_stance_s,0.023762884356992735
hd_to_als,knn,double_support_s,0.004876169781822941
hd_to_als,knn,double_support_pct,0.004939106860356925
hd_to_als,knn,asymmetry_index,0.0186167681831287
hd_to_als,knn,cv_stride,0.03540103552252809
hd_to_als,knn,cv_swing,0.031427235084044026
hd_to_als,knn,dfa_alpha_stride,0.005068128352893733
hd_to_als,lgbm,left_stride_s,9.66054368058544e-12
hd_to_als,lgbm,right_stride_s,1.4281858660712015e-12
hd_to_als,lgbm,left_swing_s,3.652145185236126e-12
hd_to_als,lgbm,right_swing_s,2.0102630481836153e-12
hd_to_als,lgbm,left_swing_pct,0.0
hd_to_als,lgbm,right_swing_pct,0.0
hd_to_als,lgbm,left_stance_s,7.397890616479114e-13
hd_to_als,lgbm,right_stance_s,0.0
hd_to_als,lgbm,double_support_s,0.0
hd_to_als,lgbm,double_support_pct,0.0
hd_to_als,lgbm,asymmetry_index,0.0
hd_to_als,lgbm,cv_stride,1.0454743737398076e-08
hd_to_als,lgbm,cv_swing,0.0
hd_to_als,lgbm,dfa_alpha_stride,0.0
hd_to_als,qda,left_stride_s,0.013894772361882624
hd_to_als,qda,right_stride_s,0.01635904875306947
hd_to_als,qda,left_swing_s,0.0014405837003984498
hd_to_als,qda,right_swing_s,0.001382812636667119
hd_to_als,qda,left_swing_pct,0.0029167604224798124
hd_to_als,qda,right_swing_pct,0.0028432844717922595
hd_to_als,qda,left_stance_s,0.011235539926345503
hd_to_als,qda,right_stance_s,0.008369618746309822
hd_to_als,qda,double_support_s,0.004147711689618583
hd_to_als,qda,double_support_pct,0.0033948886799377437
hd_to_als,qda,asymmetry_index,0.005713452584321739
hd_to_als,qda,cv_stride,0.027195651162024964
hd_to_als,qda,cv_swing,0.015944397864422737
hd_to_als,qda,dfa_alpha_stride,0.006490668993837368
hd_to_als,rf,left_stride_s,0.0011016197208354975
hd_to_als,rf,right_stride_s,0.0028306351618620886
hd_to_als,rf,left_swing_s,3.835265393545414e-05
hd_to_als,rf,right_swing_s,6.950601318659179e-05
hd_to_als,rf,left_swing_pct,0.0003072137646866679
hd_to_als,rf,right_swing_pct,0.0003195731186773996
hd_to_als,rf,left_stance_s,0.0010660003854881476
hd_to_als,rf,right_stance_s,0.003827377939901516
hd_to_als,rf,double_support_s,0.00030258819813042126
hd_to_als,rf,double_support_pct,0.0003410791959410956
hd_to_als,rf,asymmetry_index,0.0021417826731791045
hd_to_als,rf,cv_stride,0.02621426175869987
hd_to_als,rf,cv_swing,0.013707116693465637
hd_to_als,rf,dfa_alpha_stride,0.008686279432842572
hd_to_als,svm,left_stride_s,0.02317827913019296
hd_to_als,svm,right_stride_s,0.023423449743492284
hd_to_als,svm,left_swing_s,0.0009135604462066713
hd_to_als,svm,right_swing_s,0.002172570922133299
hd_to_als,svm,left_swing_pct,0.006255329211569339
hd_to_als,svm,right_swing_pct,0.004666386358869795
hd_to_als,svm,left_stance_s,0.02168838342523927
hd_to_als,svm,right_stance_s,0.012150329348771314
hd_to_als,svm,double_support_s,0.008114857340334675
hd_to_als,svm,double_support_pct,0.005865106676280491
hd_to_als,svm,asymmetry_index,0.010678478915271539
hd_to_als,svm,cv_stride,0.07971251241400584
hd_to_als,svm,cv_swing,0.02847341465351426
hd_to_als,svm,dfa_alpha_stride,0.0233050708433344
hd_to_als,xgb,left_stride_s,0.0
hd_to_als,xgb,right_stride_s,0.0
hd_to_als,xgb,left_swing_s,0.0
hd_to_als,xgb,right_swing_s,0.0
hd_to_als,xgb,left_swing_pct,0.0
hd_to_als,xgb,right_swing_pct,0.0
hd_to_als,xgb,left_stance_s,0.0
hd_to_als,xgb,right_stance_s,0.0
hd_to_als,xgb,double_support_s,0.0
hd_to_als,xgb,double_support_pct,0.0
hd_to_als,xgb,asymmetry_index,0.0
hd_to_als,xgb,cv_stride,6.345934999707481e-09
hd_to_als,xgb,cv_swing,0.0
hd_to_als,xgb,dfa_alpha_stride,0.0
hd_to_pd,dt,left_stride_s,0.0
hd_to_pd,dt,right_stride_s,0.0
hd_to_pd,dt,left_swing_s,0.0
hd_to_pd,dt,right_swing_s,0.0
hd_to_pd,dt,left_swing_pct,0.0
hd_to_pd,dt,right_swing_pct,0.0
hd_to_pd,dt,left_stance_s,0.0
hd_to_pd,dt,right_stance_s,0.0
hd_to_pd,dt,double_support_s,0.0
hd_to_pd,dt,double_support_pct,0.0
hd_to_pd,dt,asymmetry_index,0.0
hd_to_pd,dt,cv_stride,2.3869795029440866e-15
hd_to_pd,dt,cv_swing,0.0
hd_to_pd,dt,dfa_alpha_stride,0.0
hd_to_pd,knn,left_stride_s,0.017503173717177405
hd_to_pd,knn,right_stride_s,0.01831534988309568
hd_to_pd,knn,left_swing_s,0.012726880412369673
hd_to_pd,knn,right_swing_s,0.013558035690866641
hd_to_pd,knn,left_swing_pct,0.008183139386861125
hd_to_pd,knn,right_swing_pct,0.005858833424335378
hd_to_pd,knn,left_stance_s,0.016083112824638614
hd_to_pd,knn,right_stance_s,0.010277835492793014
hd_to_pd,knn,double_support_s,0.0029602769160611067
hd_to_pd,knn,double_support_pct,0.0017606699291683077
hd_to_pd,knn,asymmetry_index,0.010352740787819566
hd_to_pd,knn,cv_stride,0.023411462287522763
hd_to_pd,knn,cv_swing,0.016030773406866275
hd_to_pd,knn,dfa_alpha_stride,0.007238515434761075
hd_to_pd,lgbm,left_stride_s,1.0839234970555875e-11
hd_to_pd,lgbm,right_stride_s,5.779867268098979e-12
hd_to_pd,lgbm,left_swing_s,3.640224456946765e-12
hd_to_pd,lgbm,right_swing_s,3.1336609641545643e-12
hd_to_pd,lgbm,left_swing_pct,0.0
hd_to_pd,lgbm,right_swing_pct,0.0
hd_to_pd,lgbm,left_stance_s,2.847384018134123e-12
hd_to_pd,lgbm,right_stance_s,0.0
hd_to_pd,lgbm,double_support_s,0.0
hd_to_pd,lgbm,double_support_pct,0.0
hd_to_pd,lgbm,asymmetry_index,0.0
hd_to_pd,lgbm,cv_stride,3.820460614534227e-11
hd_to_pd,lgbm,cv_swing,0.0
hd_to_pd,lgbm,dfa_alpha_stride,0.0
hd_to_pd,qda,left_stride_s,0.0005788259463839728
hd_to_pd,qda,right_stride_s,0.0060349726806991424
hd_to_pd,qda,left_swing_s,0.001765611366234307
hd_to_pd,qda,right_swing_s,0.003410188153864402
hd_to_pd,qda,left_swing_pct,0.0016388523166700891
hd_to_pd,qda,right_swing_pct,0.004114341538839376
hd_to_pd,qda,left_stance_s,0.003695511960466101
hd_to_pd,qda,right_stance_s,0.0037989019597039417
hd_to_pd,qda,double_support_s,0.0038259324203953407
hd_to_pd,qda,double_support_pct,0.0028827925592176742
hd_to_pd,qda,asymmetry_index,0.004069568123720179
hd_to_pd,qda,cv_stride,0.032222527553123916
hd_to_pd,qda,cv_swing,0.01255973288525539
hd_to_pd,qda,dfa_alpha_stride,0.006421885271181184
hd_to_pd,rf,left_stride_s,0.0005654939708602839
hd_to_pd,rf,right_stride_s,0.0006104920159150191
hd_to_pd,rf,left_swing_s,0.0004909139227758687
hd_to_pd,rf,right_swing_s,3.908616935617082e-05
hd_to_pd,rf,left_swing_pct,0.0007164920215216872
hd_to_pd,rf,right_swing_pct,0.0001538889854303903
hd_to_pd,rf,left_stance_s,0.0002638207502800947
hd_to_pd,rf,right_stance_s,0.0002143169515717372
hd_to_pd,rf,double_support_s,0.0015462250667889425
hd_to_pd,rf,double_support_pct,0.00032004003790175005
hd_to_pd,rf,asymmetry_index,0.002529367307560154
hd_to_pd,rf,cv_stride,0.01214589657500964
hd_to_pd,rf,cv_swing,0.005748145485250489
hd_to_pd,rf,dfa_alpha_stride,0.0012644896050710147
hd_to_pd,svm,left_stride_s,0.009125536699138539
hd_to_pd,svm,right_stride_s,0.009242632844731539
hd_to_pd,svm,left_swing_s,0.00017973498392069923
hd_to_pd,svm,right_swing_s,0.007204246236610272
hd_to_pd,svm,left_swing_pct,0.0007731135763424275
hd_to_pd,svm,right_swing_pct,0.0010059324451688013
hd_to_pd,svm,left_stance_s,0.009686440454289829
hd_to_pd,svm,right_stance_s,0.002214134040112302
hd_to_pd,svm,double_support_s,0.0031423271062495928
hd_to_pd,svm,double_support_pct,0.0024143932512732565
hd_to_pd,svm,asymmetry_index,0.007612011853081526
hd_to_pd,svm,cv_stride,0.07358998783561255
hd_to_pd,svm,cv_swing,0.0005849490378700972
hd_to_pd,svm,dfa_alpha_stride,0.00986629852317969
hd_to_pd,xgb,left_stride_s,0.0
hd_to_pd,xgb,right_stride_s,0.0
hd_to_pd,xgb,left_swing_s,0.0
hd_to_pd,xgb,right_swing_s,0.0
hd_to_pd,xgb,left_swing_pct,0.0
hd_to_pd,xgb,right_swing_pct,0.0
hd_to_pd,xgb,left_stance_s,0.0
hd_to_pd,xgb,right_stance_s,0.0
hd_to_pd,xgb,double_support_s,0.0
hd_to_pd,xgb,double_support_pct,0.0
hd_to_pd,xgb,asymmetry_index,0.0
hd_to_pd,xgb,cv_stride,7.716050021144838e-15
hd_to_pd,xgb,cv_swing,0.0
hd_to_pd,xgb,dfa_alpha_stride,0.0
pd_to_als,dt,left_stride_s,0.0011400359317289368
pd_to_als,dt,right_stride_s,0.03645097287841171
pd_to_als,dt,left_swing_s,0.0
pd_to_als,dt,right_swing_s,0.0
pd_to_als,dt,left_swing_pct,0.0
pd_to_als,dt,right_swing_pct,0.0
pd_to_als,dt,left_stance_s,0.0
pd_to_als,dt,right_stance_s,0.0
pd_to_als,dt,double_support_s,0.0
pd_to_als,dt,double_support_pct,0.0
pd_to_als,dt,asymmetry_index,2.075550666475192e-18
pd_to_als,dt,cv_stride,0.04335049829957499
pd_to_als,dt,cv_swing,0.0
pd_to_als,dt,dfa_alpha_stride,0.02728438863074344
pd_to_als,knn,left_stride_s,0.014112939869270837
pd_to_als,knn,right_stride_s,0.014043922758795156
pd_to_als,knn,left_swing_s,0.008891380811942403
pd_to_als,knn,right_swing_s,0.0003661167491221945
pd_to_als,knn,left_swing_pct,0.0008953898625871214
pd_to_als,knn,right_swing_pct,0.0013399174059996674
pd_to_als,knn,left_stance_s,0.012754544369102328
pd_to_als,knn,right_stance_s,0.013348067546950854
pd_to_als,knn,double_support_s,0.005776993157329002
pd_to_als,knn,double_support_pct,0.001554556695814606
pd_to_als,knn,asymmetry_index,0.0015663986723014577
pd_to_als,knn,cv_stride,0.01000015356046205
pd_to_als,knn,cv_swing,0.015365039636274155
pd_to_als,knn,dfa_alpha_stride,0.02309732427642703
pd_to_als,lgbm,left_stride_s,0.010694517385086278
pd_to_als,lgbm,right_stride_s,0.02234018990239702
pd_to_als,lgbm,left_swing_s,0.0009215766725227982
pd_to_als,lgbm,right_swing_s,6.668666159942436e-06
pd_to_als,lgbm,left_swing_pct,0.0001859198012914896
pd_to_als,lgbm,right_swing_pct,9.782342531318964e-05
pd_to_als,lgbm,left_stance_s,0.0029866087126032047
pd_to_als,lgbm,right_stance_s,0.004700995992010574
pd_to_als,lgbm,double_support_s,0.005427528781192788
pd_to_als,lgbm,double_support_pct,0.00021817065775294288
pd_to_als,lgbm,asymmetry_index,2.2196406984008413e-06
pd_to_als,lgbm,cv_stride,0.02453496614800682
pd_to_als,lgbm,cv_swing,0.017597509653884166
pd_to_als,lgbm,dfa_alpha_stride,0.0021180884651782646
pd_to_als,qda,left_stride_s,0.012704135567591576
pd_to_als,qda,right_stride_s,0.017505072136928746
pd_to_als,qda,left_swing_s,0.004907276769816948
pd_to_als,qda,right_swing_s,0.00042310824365413696
pd_to_als,qda,left_swing_pct,0.0017650575236227693
pd_to_als,qda,right_swing_pct,0.003102107433723026
pd_to_als,qda,left_stance_s,0.011682660305822583
pd_to_als,qda,right_stance_s,0.012697047758736181
pd_to_als,qda,double_support_s,0.008161851085773962
pd_to_als,qda,double_support_pct,0.00030270795211195106
pd_to_als,qda,asymmetry_index,0.004007485604399872
pd_to_als,qda,cv_stride,0.016836167366632543
pd_to_als,qda,cv_swing,0.03133546700349979
pd_to_als,qda,dfa_alpha_stride,0.011912515392780113
pd_to_als,rf,left_stride_s,0.004770375810147609
pd_to_als,rf,right_stride_s,0.009330280093577847
pd_to_als,rf,left_swing_s,0.00017841016397650376
pd_to_als,rf,right_swing_s,0.00022626669397200652
pd_to_als,rf,left_swing_pct,0.00020747769030720785
pd_to_als,rf,right_swing_pct,0.00015378385031192656
pd_to_als,rf,left_stance_s,0.003613198928028305
pd_to_als,rf,right_stance_s,0.003862013973547098
pd_to_als,rf,double_support_s,0.0006122581586156875
pd_to_als,rf,double_support_pct,0.004773693281732098
pd_to_als,rf,asymmetry_index,0.00017901531859881468
pd_to_als,rf,cv_stride,0.0003569459697512767
pd_to_als,rf,cv_swing,0.003400105428747538
pd_to_als,rf,dfa_alpha_stride,0.001476626476104411
pd_to_als,svm,left_stride_s,0.006752787108940762
pd_to_als,svm,right_stride_s,0.007641028198566701
pd_to_als,svm,left_swing_s,1.2046978493160202e-05
pd_to_als,svm,right_swing_s,0.0014583289042557866
pd_to_als,svm,left_swing_pct,0.00039939811888081364
pd_to_als,svm,right_swing_pct,0.0049962846411924534
pd_to_als,svm,left_stance_s,0.009398168574497856
pd_to_als,svm,right_stance_s,0.012550988981593847
pd_to_als,svm,double_support_s,0.01100365588180956
pd_to_als,svm,double_support_pct,0.0011268046449791937
pd_to_als,svm,asymmetry_index,0.0010928536594447882
pd_to_als,svm,cv_stride,0.004410720690411735
pd_to_als,svm,cv_swing,0.016903604188822516
pd_to_als,svm,dfa_alpha_stride,0.005470566931746468
pd_to_als,xgb,left_stride_s,0.015159143766753723
pd_to_als,xgb,right_stride_s,0.022608200778561353
pd_to_als,xgb,left_swing_s,0.00019667222715331726
pd_to_als,xgb,right_swing_s,0.00022115157412802192
pd_to_als,xgb,left_swing_pct,3.3399328172546846e-05
pd_to_als,xgb,right_swing_pct,0.0002313596691844818
pd_to_als,xgb,left_stance_s,0.0014933998764051137
pd_to_als,xgb,right_stance_s,0.008518459437210035
pd_to_als,xgb,double_support_s,0.004077312620634498
pd_to_als,xgb,double_support_pct,7.055323617580558e-05
pd_to_als,xgb,asymmetry_index,3.5821219143186543e-06
pd_to_als,xgb,cv_stride,0.03356261095570748
pd_to_als,xgb,cv_swing,0.012072717823557177
pd_to_als,xgb,dfa_alpha_stride,0.00040634288550280354
pd_to_hd,dt,left_stride_s,0.0007564487481248779
pd_to_hd,dt,right_stride_s,0.00982182884782383
pd_to_hd,dt,left_swing_s,0.0
pd_to_hd,dt,right_swing_s,0.0
pd_to_hd,dt,left_swing_pct,0.0
pd_to_hd,dt,right_swing_pct,0.0
pd_to_hd,dt,left_stance_s,0.0
pd_to_hd,dt,right_stance_s,0.0
pd_to_hd,dt,double_support_s,0.0
pd_to_hd,dt,double_support_pct,0.0
pd_to_hd,dt,asymmetry_index,3.4088293593065545e-18
pd_to_hd,dt,cv_stride,0.006608919327112273
pd_to_hd,dt,cv_swing,0.0
pd_to_hd,dt,dfa_alpha_stride,0.003835696110128399
pd_to_hd,knn,left_stride_s,0.0027263641046810783
pd_to_hd,knn,right_stride_s,0.003385560828885654
pd_to_hd,knn,left_swing_s,0.0011281700911014159
pd_to_hd,knn,right_swing_s,0.0005630008024800834
pd_to_hd,knn,left_swing_pct,0.0011801820836710875
pd_to_hd,knn,right_swing_pct,0.00043761850408729173
pd_to_hd,knn,left_stance_s,0.0011983927891418208
pd_to_hd,knn,right_stance_s,0.003058810364969508
pd_to_hd,knn,double_support_s,0.00176446796361018
pd_to_hd,knn,double_support_pct,0.001166127498899678
pd_to_hd,knn,asymmetry_index,0.008296879292306283
pd_to_hd,knn,cv_stride,0.032157458398477945
pd_to_hd,knn,cv_swing,0.0063985562044104535
pd_to_hd,knn,dfa_alpha_stride,0.016902344985681717
pd_to_hd,lgbm,left_stride_s,0.0010667220355714165
pd_to_hd,lgbm,right_stride_s,0.005087779298070253
pd_to_hd,lgbm,left_swing_s,0.00015242367525710723
pd_to_hd,lgbm,right_swing_s,2.7181161434436886e-06
pd_to_hd,lgbm,left_swing_pct,4.5335077670117054e-05
pd_to_hd,lgbm,right_swing_pct,0.00011105828629445378
pd_to_hd,lgbm,left_stance_s,0.0015830395094876288
pd_to_hd,lgbm,right_stance_s,0.0007597269182019212
pd_to_hd,lgbm,double_support_s,0.00016847613969618938
pd_to_hd,lgbm,double_support_pct,0.00023334193812472848
pd_to_hd,lgbm,asymmetry_index,7.432819509460067e-05
pd_to_hd,lgbm,cv_stride,0.016962558733779554
pd_to_hd,lgbm,cv_swing,0.00777831531700441
pd_to_hd,lgbm,dfa_alpha_stride,0.0031604388504974275
pd_to_hd,qda,left_stride_s,0.003353817681705045
pd_to_hd,qda,right_stride_s,0.0033313902841731885
pd_to_hd,qda,left_swing_s,0.002788204404209056
pd_to_hd,qda,right_swing_s,0.0023955912378206753
pd_to_hd,qda,left_swing_pct,0.00028932218604180377
pd_to_hd,qda,right_swing_pct,0.003101980460815036
pd_to_hd,qda,left_stance_s,0.005220607375687882
pd_to_hd,qda,right_stance_s,0.006586819643219107
pd_to_hd,qda,double_support_s,0.005083667031234019
pd_to_hd,qda,double_support_pct,0.0017677810726042277
pd_to_hd,qda,asymmetry_index,0.014005510940852044
pd_to_hd,qda,cv_stride,0.02312184391461186
pd_to_hd,qda,cv_swing,0.006295468403109794
pd_to_hd,qda,dfa_alpha_stride,0.007592589563814214
pd_to_hd,rf,left_stride_s,0.003916545043627652
pd_to_hd,rf,right_stride_s,0.0034918074075742725
pd_to_hd,rf,left_swing_s,0.0007350279937872717
pd_to_hd,rf,right_swing_s,0.0002548277042156138
pd_to_hd,rf,left_swing_pct,0.0002995034486543407
pd_to_hd,rf,right_swing_pct,0.00014597008204375594
pd_to_hd,rf,left_stance_s,0.001531293338171015
pd_to_hd,rf,right_stance_s,0.0050798684907255
pd_to_hd,rf,double_support_s,0.00099758725336525
pd_to_hd,rf,double_support_pct,0.004346925106601209
pd_to_hd,rf,asymmetry_index,0.001074933366196282
pd_to_hd,rf,cv_stride,0.005959629837816283
pd_to_hd,rf,cv_swing,0.0006480779061077968
pd_to_hd,rf,dfa_alpha_stride,0.002140351938998742
pd_to_hd,svm,left_stride_s,0.0012373494957399252
pd_to_hd,svm,right_stride_s,0.001324107428366821
pd_to_hd,svm,left_swing_s,0.00028674936830827314
pd_to_hd,svm,right_swing_s,0.002137408626055909
pd_to_hd,svm,left_swing_pct,0.0002049736441754992
pd_to_hd,svm,right_swing_pct,0.0010302682675722083
pd_to_hd,svm,left_stance_s,0.0029319841912335744
pd_to_hd,svm,right_stance_s,0.004084863260427295
pd_to_hd,svm,double_support_s,0.005498795840187098
pd_to_hd,svm,double_support_pct,0.003758422144848228
pd_to_hd,svm,asymmetry_index,0.008941997643055706
pd_to_hd,svm,cv_stride,0.012899728931853954
pd_to_hd,svm,cv_swing,0.006272626560926073
pd_to_hd,svm,dfa_alpha_stride,0.001954384190195016
pd_to_hd,xgb,left_stride_s,0.0015679814094581787
pd_to_hd,xgb,right_stride_s,0.0032471106984935175
pd_to_hd,xgb,left_swing_s,6.0520200978366975e-05
pd_to_hd,xgb,right_swing_s,1.124734440670084e-05
pd_to_hd,xgb,left_swing_pct,1.3882214202013318e-05
pd_to_hd,xgb,right_swing_pct,8.511476566014126e-05
pd_to_hd,xgb,left_stance_s,0.0005074259436526228
pd_to_hd,xgb,right_stance_s,0.001594372140548958
pd_to_hd,xgb,double_support_s,0.00023679402289422148
pd_to_hd,xgb,double_support_pct,5.465203130037297e-05
pd_to_hd,xgb,asymmetry_index,6.773976196447109e-05
pd_to_hd,xgb,cv_stride,0.014305788467459168
pd_to_hd,xgb,cv_swing,0.006434996816490589
pd_to_hd,xgb,dfa_alpha_stride,0.000421598528568207
