scope,domain,classifier,method,alpha,coverage_subject_level,coverage_subject_min,coverage_subject_max,coverage_subject_n,coverage_marginal,raw_mean_set_size,post_mean_set_size,raw_empty_rate,post_empty_rate
cross,als_to_hd,dt,aps,0.05,1.0,1.0,1.0,27.0,1.0,2.0,2.0,0.0,0.0
cross,als_to_hd,dt,aps,0.1,1.0,1.0,1.0,27.0,1.0,2.0,2.0,0.0,0.0
cross,als_to_hd,dt,aps,0.2,1.0,1.0,1.0,27.0,1.0,2.0,2.0,0.0,0.0
cross,als_to_hd,dt,lac,0.05,0.775484,0.0,1.0,27.0,0.768265,0.982387,1.0,0.017613,0.0
cross,als_to_hd,dt,lac,0.1,0.775484,0.0,1.0,27.0,0.768265,0.982387,1.0,0.017613,0.0
cross,als_to_hd,dt,lac,0.2,0.775484,0.0,1.0,27.0,0.768265,0.982387,1.0,0.017613,0.0
cross,als_to_hd,dt,hard_label_consensus_curve,1.0,1.0,,,,,,,,
cross,als_to_hd,dt,hard_label_consensus_curve,10.0,0.849444,,,,,,,,
cross,als_to_hd,dt,hard_label_consensus_curve,25.0,0.754444,,,,,,,,
cross,als_to_hd,dt,hard_label_consensus_curve,3.0,0.934815,,,,,,,,
cross,als_to_hd,dt,hard_label_consensus_curve,5.0,0.897222,,,,,,,,
cross,als_to_hd,dt,hard_label_consensus_curve,50.0,0.696111,,,,,,,,
cross,als_to_hd,knn,aps,0.05,0.999718,0.995851,1.0,27.0,0.999674,1.999511,1.999511,0.0,0.0
cross,als_to_hd,knn,aps,0.1,0.999718,0.995851,1.0,27.0,0.999674,1.999511,1.999511,0.0,0.0
cross,als_to_hd,knn,aps,0.2,0.999718,0.995851,1.0,27.0,0.999674,1.999511,1.999511,0.0,0.0
cross,als_to_hd,knn,lac,0.05,0.713502,0.0,1.0,27.0,0.698956,0.947326,1.0,0.052674,0.0
cross,als_to_hd,knn,lac,0.1,0.713502,0.0,1.0,27.0,0.698956,0.947326,1.0,0.052674,0.0
cross,als_to_hd,knn,lac,0.2,0.713502,0.0,1.0,27.0,0.698956,0.947326,1.0,0.052674,0.0
cross,als_to_hd,knn,hard_label_consensus_curve,1.0,1.0,,,,,,,,
cross,als_to_hd,knn,hard_label_consensus_curve,10.0,0.787037,,,,,,,,
cross,als_to_hd,knn,hard_label_consensus_curve,25.0,0.699074,,,,,,,,
cross,als_to_hd,knn,hard_label_consensus_curve,3.0,0.893704,,,,,,,,
cross,als_to_hd,knn,hard_label_consensus_curve,5.0,0.85463,,,,,,,,
cross,als_to_hd,knn,hard_label_consensus_curve,50.0,0.628704,,,,,,,,
cross,als_to_hd,lgbm,aps,0.05,0.799746,0.0,1.0,27.0,0.788324,0.983203,1.0,0.016797,0.0
cross,als_to_hd,lgbm,aps,0.1,0.799746,0.0,1.0,27.0,0.788324,0.977332,1.0,0.022668,0.0
cross,als_to_hd,lgbm,aps,0.2,0.799746,0.0,1.0,27.0,0.788324,0.946021,1.0,0.053979,0.0
cross,als_to_hd,lgbm,lac,0.05,0.799746,0.0,1.0,27.0,0.788324,0.655903,1.0,0.344097,0.0
cross,als_to_hd,lgbm,lac,0.1,0.799746,0.0,1.0,27.0,0.788324,0.567678,1.0,0.432322,0.0
cross,als_to_hd,lgbm,lac,0.2,0.799746,0.0,1.0,27.0,0.788324,0.34165,1.0,0.65835,0.0
cross,als_to_hd,lgbm,hard_label_consensus_curve,1.0,1.0,,,,,,,,
cross,als_to_hd,lgbm,hard_label_consensus_curve,10.0,0.883889,,,,,,,,
cross,als_to_hd,lgbm,hard_label_consensus_curve,25.0,0.807222,,,,,,,,
cross,als_to_hd,lgbm,hard_label_consensus_curve,3.0,0.95463,,,,,,,,
cross,als_to_hd,lgbm,hard_label_consensus_curve,5.0,0.927593,,,,,,,,
cross,als_to_hd,lgbm,hard_label_consensus_curve,50.0,0.76537,,,,,,,,
cross,als_to_hd,qda,aps,0.05,0.99251,0.937759,1.0,27.0,0.992172,1.978311,1.978311,0.0,0.0
cross,als_to_hd,qda,aps,0.1,0.99251,0.937759,1.0,27.0,0.992172,1.978311,1.978311,0.0,0.0
cross,als_to_hd,qda,aps,0.2,0.99251,0.937759,1.0,27.0,0.992172,1.978311,1.978311,0.0,0.0
cross,als_to_hd,qda,lac,0.05,0.809027,0.0,1.0,27.0,0.809198,0.80985,1.0,0.19015,0.0
cross,als_to_hd,qda,lac,0.1,0.809027,0.0,1.0,27.0,0.809198,0.760111,1.0,0.239889,0.0
cross,als_to_hd,qda,lac,0.2,0.809027,0.0,1.0,27.0,0.809198,0.690802,1.0,0.309198,0.0
cross,als_to_hd,qda,hard_label_consensus_curve,1.0,1.0,,,,,,,,
cross,als_to_hd,qda,hard_label_consensus_curve,10.0,0.80463,,,,,,,,
cross,als_to_hd,qda,hard_label_consensus_curve,25.0,0.757778,,,,,,,,
cross,als_to_hd,qda,hard_label_consensus_curve,3.0,0.886481,,,,,,,,
cross,als_to_hd,qda,hard_label_consensus_curve,5.0,0.850185,,,,,,,,
cross,als_to_hd,qda,hard_label_consensus_curve,50.0,0.730741,,,,,,,,
cross,als_to_hd,rf,aps,0.05,0.998918,0.979253,1.0,27.0,0.998858,1.973255,1.973255,0.0,0.0
cross,als_to_hd,rf,aps,0.1,0.998918,0.979253,1.0,27.0,0.998858,1.973255,1.973255,0.0,0.0
cross,als_to_hd,rf,aps,0.2,0.998918,0.979253,1.0,27.0,0.998858,1.973255,1.973255,0.0,0.0
cross,als_to_hd,rf,lac,0.05,0.786443,0.0,1.0,27.0,0.783268,0.402642,1.0,0.597358,0.0
cross,als_to_hd,rf,lac,0.1,0.786443,0.0,1.0,27.0,0.783268,0.341813,1.0,0.658187,0.0
cross,als_to_hd,rf,lac,0.2,0.786443,0.0,1.0,27.0,0.783268,0.285225,1.0,0.714775,0.0
cross,als_to_hd,rf,hard_label_consensus_curve,1.0,1.0,,,,,,,,
cross,als_to_hd,rf,hard_label_consensus_curve,10.0,0.875926,,,,,,,,
cross,als_to_hd,rf,hard_label_consensus_curve,25.0,0.814074,,,,,,,,
cross,als_to_hd,rf,hard_label_consensus_curve,3.0,0.937407,,,,,,,,
cross,als_to_hd,rf,hard_label_consensus_curve,5.0,0.914259,,,,,,,,
cross,als_to_hd,rf,hard_label_consensus_curve,50.0,0.776296,,,,,,,,
cross,als_to_hd,svm,aps,0.05,0.729186,0.0,1.0,27.0,0.717873,1.0,1.0,0.0,0.0
cross,als_to_hd,svm,aps,0.1,0.729186,0.0,1.0,27.0,0.717873,1.0,1.0,0.0,0.0
cross,als_to_hd,svm,aps,0.2,0.729186,0.0,1.0,27.0,0.717873,1.0,1.0,0.0,0.0
cross,als_to_hd,svm,lac,0.05,0.729186,0.0,1.0,27.0,0.717873,0.844097,1.0,0.155903,0.0
cross,als_to_hd,svm,lac,0.1,0.729186,0.0,1.0,27.0,0.717873,0.804631,1.0,0.195369,0.0
cross,als_to_hd,svm,lac,0.2,0.729186,0.0,1.0,27.0,0.717873,0.752772,1.0,0.247228,0.0
cross,als_to_hd,svm,hard_label_consensus_curve,1.0,1.0,,,,,,,,
cross,als_to_hd,svm,hard_label_consensus_curve,10.0,0.837963,,,,,,,,
cross,als_to_hd,svm,hard_label_consensus_curve,25.0,0.778148,,,,,,,,
cross,als_to_hd,svm,hard_label_consensus_curve,3.0,0.920926,,,,,,,,
cross,als_to_hd,svm,hard_label_consensus_curve,5.0,0.890741,,,,,,,,
cross,als_to_hd,svm,hard_label_consensus_curve,50.0,0.755,,,,,,,,
cross,als_to_hd,xgb,aps,0.05,0.753611,0.0,1.0,27.0,0.749022,1.0,1.0,0.0,0.0
cross,als_to_hd,xgb,aps,0.1,0.753611,0.0,1.0,27.0,0.749022,0.927593,1.0,0.072407,0.0
cross,als_to_hd,xgb,aps,0.2,0.753611,0.0,1.0,27.0,0.749022,0.84214,1.0,0.15786,0.0
cross,als_to_hd,xgb,lac,0.05,0.753611,0.0,1.0,27.0,0.749022,0.53441,1.0,0.46559,0.0
cross,als_to_hd,xgb,lac,0.1,0.753611,0.0,1.0,27.0,0.749022,0.505871,1.0,0.494129,0.0
cross,als_to_hd,xgb,lac,0.2,0.753611,0.0,1.0,27.0,0.749022,0.480104,1.0,0.519896,0.0
cross,als_to_hd,xgb,hard_label_consensus_curve,1.0,1.0,,,,,,,,
cross,als_to_hd,xgb,hard_label_consensus_curve,10.0,0.82463,,,,,,,,
cross,als_to_hd,xgb,hard_label_consensus_curve,25.0,0.767037,,,,,,,,
cross,als_to_hd,xgb,hard_label_consensus_curve,3.0,0.90537,,,,,,,,
cross,als_to_hd,xgb,hard_label_consensus_curve,5.0,0.868148,,,,,,,,
cross,als_to_hd,xgb,hard_label_consensus_curve,50.0,0.735,,,,,,,,
cross,als_to_pd,dt,aps,0.05,1.0,1.0,1.0,23.0,1.0,2.0,2.0,0.0,0.0
cross,als_to_pd,dt,aps,0.1,1.0,1.0,1.0,23.0,1.0,2.0,2.0,0.0,0.0
cross,als_to_pd,dt,aps,0.2,1.0,1.0,1.0,23.0,1.0,2.0,2.0,0.0,0.0
cross,als_to_pd,dt,lac,0.05,0.866013,0.0,1.0,23.0,0.864793,0.98101,1.0,0.01899,0.0
cross,als_to_pd,dt,lac,0.1,0.866013,0.0,1.0,23.0,0.864793,0.98101,1.0,0.01899,0.0
cross,als_to_pd,dt,lac,0.2,0.866013,0.0,1.0,23.0,0.864793,0.98101,1.0,0.01899,0.0
cross,als_to_pd,dt,hard_label_consensus_curve,1.0,1.0,,,,,,,,
cross,als_to_pd,dt,hard_label_consensus_curve,10.0,0.816522,,,,,,,,
cross,als_to_pd,dt,hard_label_consensus_curve,25.0,0.718913,,,,,,,,
cross,als_to_pd,dt,hard_label_consensus_curve,3.0,0.911739,,,,,,,,
cross,als_to_pd,dt,hard_label_consensus_curve,5.0,0.86587,,,,,,,,
cross,als_to_pd,dt,hard_label_consensus_curve,50.0,0.643913,,,,,,,,
cross,als_to_pd,knn,aps,0.05,1.0,1.0,1.0,23.0,1.0,1.99962,1.99962,0.0,0.0
cross,als_to_pd,knn,aps,0.1,1.0,1.0,1.0,23.0,1.0,1.99962,1.99962,0.0,0.0
cross,als_to_pd,knn,aps,0.2,1.0,1.0,1.0,23.0,1.0,1.99962,1.99962,0.0,0.0
cross,als_to_pd,knn,lac,0.05,0.696343,0.0,1.0,23.0,0.68591,0.909419,1.0,0.090581,0.0
cross,als_to_pd,knn,lac,0.1,0.696343,0.0,1.0,23.0,0.68591,0.909419,1.0,0.090581,0.0
cross,als_to_pd,knn,lac,0.2,0.696343,0.0,1.0,23.0,0.68591,0.909419,1.0,0.090581,0.0
cross,als_to_pd,knn,hard_label_consensus_curve,1.0,1.0,,,,,,,,
cross,als_to_pd,knn,hard_label_consensus_curve,10.0,0.637174,,,,,,,,
cross,als_to_pd,knn,hard_label_consensus_curve,25.0,0.547391,,,,,,,,
cross,als_to_pd,knn,hard_label_consensus_curve,3.0,0.798478,,,,,,,,
cross,als_to_pd,knn,hard_label_consensus_curve,5.0,0.723913,,,,,,,,
cross,als_to_pd,knn,hard_label_consensus_curve,50.0,0.480217,,,,,,,,
cross,als_to_pd,lgbm,aps,0.05,0.746779,0.0,1.0,23.0,0.726358,0.992974,1.0,0.007026,0.0
cross,als_to_pd,lgbm,aps,0.1,0.746779,0.0,1.0,23.0,0.726358,0.98063,1.0,0.01937,0.0
cross,als_to_pd,lgbm,aps,0.2,0.746779,0.0,1.0,23.0,0.726358,0.951006,1.0,0.048994,0.0
cross,als_to_pd,lgbm,lac,0.05,0.746779,0.0,1.0,23.0,0.726358,0.492024,1.0,0.507976,0.0
cross,als_to_pd,lgbm,lac,0.1,0.746779,0.0,1.0,23.0,0.726358,0.433156,1.0,0.566844,0.0
cross,als_to_pd,lgbm,lac,0.2,0.746779,0.0,1.0,23.0,0.726358,0.310292,1.0,0.689708,0.0
cross,als_to_pd,lgbm,hard_label_consensus_curve,1.0,1.0,,,,,,,,
cross,als_to_pd,lgbm,hard_label_consensus_curve,10.0,0.658913,,,,,,,,
cross,als_to_pd,lgbm,hard_label_consensus_curve,25.0,0.544783,,,,,,,,
cross,als_to_pd,lgbm,hard_label_consensus_curve,3.0,0.817826,,,,,,,,
cross,als_to_pd,lgbm,hard_label_consensus_curve,5.0,0.736304,,,,,,,,
cross,als_to_pd,lgbm,hard_label_consensus_curve,50.0,0.464348,,,,,,,,
cross,als_to_pd,qda,aps,0.05,0.993996,0.957944,1.0,23.0,0.993923,1.973604,1.973604,0.0,0.0
cross,als_to_pd,qda,aps,0.1,0.993996,0.957944,1.0,23.0,0.993923,1.973604,1.973604,0.0,0.0
cross,als_to_pd,qda,aps,0.2,0.993996,0.957944,1.0,23.0,0.993923,1.973604,1.973604,0.0,0.0
cross,als_to_pd,qda,lac,0.05,0.809113,0.0,1.0,23.0,0.81409,0.792822,1.0,0.207178,0.0
cross,als_to_pd,qda,lac,0.1,0.809113,0.0,1.0,23.0,0.81409,0.729396,1.0,0.270604,0.0
cross,als_to_pd,qda,lac,0.2,0.809113,0.0,1.0,23.0,0.81409,0.654197,1.0,0.345803,0.0
cross,als_to_pd,qda,hard_label_consensus_curve,1.0,1.0,,,,,,,,
cross,als_to_pd,qda,hard_label_consensus_curve,10.0,0.74913,,,,,,,,
cross,als_to_pd,qda,hard_label_consensus_curve,25.0,0.681957,,,,,,,,
cross,als_to_pd,qda,hard_label_consensus_curve,3.0,0.877174,,,,,,,,
cross,als_to_pd,qda,hard_label_consensus_curve,5.0,0.825,,,,,,,,
cross,als_to_pd,qda,hard_label_consensus_curve,50.0,0.663478,,,,,,,,
cross,als_to_pd,rf,aps,0.05,0.999103,0.987234,1.0,23.0,0.999051,1.974744,1.974744,0.0,0.0
cross,als_to_pd,rf,aps,0.1,0.999103,0.987234,1.0,23.0,0.999051,1.974744,1.974744,0.0,0.0
cross,als_to_pd,rf,aps,0.2,0.999103,0.987234,1.0,23.0,0.999051,1.974744,1.974744,0.0,0.0
cross,als_to_pd,rf,lac,0.05,0.827154,0.0,1.0,23.0,0.823965,0.302886,1.0,0.697114,0.0
cross,als_to_pd,rf,lac,0.1,0.827154,0.0,1.0,23.0,0.823965,0.255032,1.0,0.744968,0.0
cross,als_to_pd,rf,lac,0.2,0.827154,0.0,1.0,23.0,0.823965,0.202621,1.0,0.797379,0.0
cross,als_to_pd,rf,hard_label_consensus_curve,1.0,1.0,,,,,,,,
cross,als_to_pd,rf,hard_label_consensus_curve,10.0,0.709783,,,,,,,,
cross,als_to_pd,rf,hard_label_consensus_curve,25.0,0.561304,,,,,,,,
cross,als_to_pd,rf,hard_label_consensus_curve,3.0,0.877391,,,,,,,,
cross,als_to_pd,rf,hard_label_consensus_curve,5.0,0.810652,,,,,,,,
cross,als_to_pd,rf,hard_label_consensus_curve,50.0,0.463043,,,,,,,,
cross,als_to_pd,svm,aps,0.05,0.787517,0.0,1.0,23.0,0.788834,1.0,1.0,0.0,0.0
cross,als_to_pd,svm,aps,0.1,0.787517,0.0,1.0,23.0,0.788834,1.0,1.0,0.0,0.0
cross,als_to_pd,svm,aps,0.2,0.787517,0.0,1.0,23.0,0.788834,1.0,1.0,0.0,0.0
cross,als_to_pd,svm,lac,0.05,0.787517,0.0,1.0,23.0,0.788834,0.762248,1.0,0.237752,0.0
cross,als_to_pd,svm,lac,0.1,0.787517,0.0,1.0,23.0,0.788834,0.699392,1.0,0.300608,0.0
cross,als_to_pd,svm,lac,0.2,0.787517,0.0,1.0,23.0,0.788834,0.662172,1.0,0.337828,0.0
cross,als_to_pd,svm,hard_label_consensus_curve,1.0,1.0,,,,,,,,
cross,als_to_pd,svm,hard_label_consensus_curve,10.0,0.745435,,,,,,,,
cross,als_to_pd,svm,hard_label_consensus_curve,25.0,0.657391,,,,,,,,
cross,als_to_pd,svm,hard_label_consensus_curve,3.0,0.878043,,,,,,,,
cross,als_to_pd,svm,hard_label_consensus_curve,5.0,0.824565,,,,,,,,
cross,als_to_pd,svm,hard_label_consensus_curve,50.0,0.637609,,,,,,,,
cross,als_to_pd,xgb,aps,0.05,0.731298,0.0,1.0,23.0,0.72142,1.0,1.0,0.0,0.0
cross,als_to_pd,xgb,aps,0.1,0.731298,0.0,1.0,23.0,0.72142,0.99981,1.0,0.00019,0.0
cross,als_to_pd,xgb,aps,0.2,0.731298,0.0,1.0,23.0,0.72142,0.879225,1.0,0.120775,0.0
cross,als_to_pd,xgb,lac,0.05,0.731298,0.0,1.0,23.0,0.72142,0.513863,1.0,0.486137,0.0
cross,als_to_pd,xgb,lac,0.1,0.731298,0.0,1.0,23.0,0.72142,0.461831,1.0,0.538169,0.0
cross,als_to_pd,xgb,lac,0.2,0.731298,0.0,1.0,23.0,0.72142,0.430308,1.0,0.569692,0.0
cross,als_to_pd,xgb,hard_label_consensus_curve,1.0,1.0,,,,,,,,
cross,als_to_pd,xgb,hard_label_consensus_curve,10.0,0.653696,,,,,,,,
cross,als_to_pd,xgb,hard_label_consensus_curve,25.0,0.541957,,,,,,,,
cross,als_to_pd,xgb,hard_label_consensus_curve,3.0,0.814565,,,,,,,,
cross,als_to_pd,xgb,hard_label_consensus_curve,5.0,0.74,,,,,,,,
cross,als_to_pd,xgb,hard_label_consensus_curve,50.0,0.47413,,,,,,,,
cross,hd_to_als,dt,aps,0.05,1.0,1.0,1.0,21.0,1.0,2.0,2.0,0.0,0.0
cross,hd_to_als,dt,aps,0.1,1.0,1.0,1.0,21.0,1.0,2.0,2.0,0.0,0.0
cross,hd_to_als,dt,aps,0.2,1.0,1.0,1.0,21.0,1.0,2.0,2.0,0.0,0.0
cross,hd_to_als,dt,lac,0.05,0.666667,0.0,1.0,21.0,0.620981,1.0,1.0,0.0,0.0
cross,hd_to_als,dt,lac,0.1,0.666667,0.0,1.0,21.0,0.620981,1.0,1.0,0.0,0.0
cross,hd_to_als,dt,lac,0.2,0.666667,0.0,1.0,21.0,0.620981,1.0,1.0,0.0,0.0
cross,hd_to_als,dt,hard_label_consensus_curve,1.0,1.0,,,,,,,,
cross,hd_to_als,dt,hard_label_consensus_curve,10.0,1.0,,,,,,,,
cross,hd_to_als,dt,hard_label_consensus_curve,25.0,1.0,,,,,,,,
cross,hd_to_als,dt,hard_label_consensus_curve,3.0,1.0,,,,,,,,
cross,hd_to_als,dt,hard_label_consensus_curve,5.0,1.0,,,,,,,,
cross,hd_to_als,dt,hard_label_consensus_curve,50.0,1.0,,,,,,,,
cross,hd_to_als,knn,aps,0.05,1.0,1.0,1.0,21.0,1.0,2.0,2.0,0.0,0.0
cross,hd_to_als,knn,aps,0.1,1.0,1.0,1.0,21.0,1.0,2.0,2.0,0.0,0.0
cross,hd_to_als,knn,aps,0.2,1.0,1.0,1.0,21.0,1.0,2.0,2.0,0.0,0.0
cross,hd_to_als,knn,lac,0.05,0.736457,0.0,1.0,21.0,0.697607,1.0,1.0,0.0,0.0
cross,hd_to_als,knn,lac,0.1,0.736457,0.0,1.0,21.0,0.697607,0.848199,1.0,0.151801,0.0
cross,hd_to_als,knn,lac,0.2,0.736457,0.0,1.0,21.0,0.697607,0.848199,1.0,0.151801,0.0
cross,hd_to_als,knn,hard_label_consensus_curve,1.0,1.0,,,,,,,,
cross,hd_to_als,knn,hard_label_consensus_curve,10.0,0.685476,,,,,,,,
cross,hd_to_als,knn,hard_label_consensus_curve,25.0,0.618095,,,,,,,,
cross,hd_to_als,knn,hard_label_consensus_curve,3.0,0.815238,,,,,,,,
cross,hd_to_als,knn,hard_label_consensus_curve,5.0,0.762381,,,,,,,,
cross,hd_to_als,knn,hard_label_consensus_curve,50.0,0.586667,,,,,,,,
cross,hd_to_als,lgbm,aps,0.05,0.666667,0.0,1.0,21.0,0.620981,1.0,1.0,0.0,0.0
cross,hd_to_als,lgbm,aps,0.1,0.666667,0.0,1.0,21.0,0.620981,1.0,1.0,0.0,0.0
cross,hd_to_als,lgbm,aps,0.2,0.666667,0.0,1.0,21.0,0.620981,1.0,1.0,0.0,0.0
cross,hd_to_als,lgbm,lac,0.05,0.666667,0.0,1.0,21.0,0.620981,1.0,1.0,0.0,0.0
cross,hd_to_als,lgbm,lac,0.1,0.666667,0.0,1.0,21.0,0.620981,1.0,1.0,0.0,0.0
cross,hd_to_als,lgbm,lac,0.2,0.666667,0.0,1.0,21.0,0.620981,1.0,1.0,0.0,0.0
cross,hd_to_als,lgbm,hard_label_consensus_curve,1.0,1.0,,,,,,,,
cross,hd_to_als,lgbm,hard_label_consensus_curve,10.0,1.0,,,,,,,,
cross,hd_to_als,lgbm,hard_label_consensus_curve,25.0,1.0,,,,,,,,
cross,hd_to_als,lgbm,hard_label_consensus_curve,3.0,1.0,,,,,,,,
cross,hd_to_als,lgbm,hard_label_consensus_curve,5.0,1.0,,,,,,,,
cross,hd_to_als,lgbm,hard_label_consensus_curve,50.0,1.0,,,,,,,,
cross,hd_to_als,qda,aps,0.05,0.996955,0.96729,1.0,21.0,0.996616,1.97752,1.97752,0.0,0.0
cross,hd_to_als,qda,aps,0.1,0.996955,0.96729,1.0,21.0,0.996616,1.97752,1.97752,0.0,0.0
cross,hd_to_als,qda,aps,0.2,0.996955,0.96729,1.0,21.0,0.996616,1.97752,1.97752,0.0,0.0
cross,hd_to_als,qda,lac,0.05,0.924331,0.0,1.0,21.0,0.922649,1.075417,1.075417,0.0,0.0
cross,hd_to_als,qda,lac,0.1,0.89589,0.0,1.0,21.0,0.8905,0.862944,1.0,0.137056,0.0
cross,hd_to_als,qda,lac,0.2,0.89589,0.0,1.0,21.0,0.8905,0.597534,1.0,0.402466,0.0
cross,hd_to_als,qda,hard_label_consensus_curve,1.0,1.0,,,,,,,,
cross,hd_to_als,qda,hard_label_consensus_curve,10.0,0.789286,,,,,,,,
cross,hd_to_als,qda,hard_label_consensus_curve,25.0,0.735238,,,,,,,,
cross,hd_to_als,qda,hard_label_consensus_curve,3.0,0.889048,,,,,,,,
cross,hd_to_als,qda,hard_label_consensus_curve,5.0,0.84,,,,,,,,
cross,hd_to_als,qda,hard_label_consensus_curve,50.0,0.710714,,,,,,,,
cross,hd_to_als,rf,aps,0.05,0.94617,0.568376,1.0,21.0,0.93957,1.893643,1.893643,0.0,0.0
cross,hd_to_als,rf,aps,0.1,0.94617,0.568376,1.0,21.0,0.93957,1.893643,1.893643,0.0,0.0
cross,hd_to_als,rf,aps,0.2,0.94617,0.568376,1.0,21.0,0.93957,1.893643,1.893643,0.0,0.0
cross,hd_to_als,rf,lac,0.05,0.666667,0.0,1.0,21.0,0.620981,0.290065,1.0,0.709935,0.0
cross,hd_to_als,rf,lac,0.1,0.666667,0.0,1.0,21.0,0.620981,0.208122,1.0,0.791878,0.0
cross,hd_to_als,rf,lac,0.2,0.666667,0.0,1.0,21.0,0.620981,0.079043,1.0,0.920957,0.0
cross,hd_to_als,rf,hard_label_consensus_curve,1.0,1.0,,,,,,,,
cross,hd_to_als,rf,hard_label_consensus_curve,10.0,1.0,,,,,,,,
cross,hd_to_als,rf,hard_label_consensus_curve,25.0,1.0,,,,,,,,
cross,hd_to_als,rf,hard_label_consensus_curve,3.0,1.0,,,,,,,,
cross,hd_to_als,rf,hard_label_consensus_curve,5.0,1.0,,,,,,,,
cross,hd_to_als,rf,hard_label_consensus_curve,50.0,1.0,,,,,,,,
cross,hd_to_als,svm,aps,0.05,0.787475,0.0,1.0,21.0,0.753928,1.0,1.0,0.0,0.0
cross,hd_to_als,svm,aps,0.1,0.787475,0.0,1.0,21.0,0.753928,1.0,1.0,0.0,0.0
cross,hd_to_als,svm,aps,0.2,0.787475,0.0,1.0,21.0,0.753928,1.0,1.0,0.0,0.0
cross,hd_to_als,svm,lac,0.05,0.787475,0.0,1.0,21.0,0.753928,0.638385,1.0,0.361615,0.0
cross,hd_to_als,svm,lac,0.1,0.787475,0.0,1.0,21.0,0.753928,0.536137,1.0,0.463863,0.0
cross,hd_to_als,svm,lac,0.2,0.787475,0.0,1.0,21.0,0.753928,0.478849,1.0,0.521151,0.0
cross,hd_to_als,svm,hard_label_consensus_curve,1.0,1.0,,,,,,,,
cross,hd_to_als,svm,hard_label_consensus_curve,10.0,0.874048,,,,,,,,
cross,hd_to_als,svm,hard_label_consensus_curve,25.0,0.82881,,,,,,,,
cross,hd_to_als,svm,hard_label_consensus_curve,3.0,0.933571,,,,,,,,
cross,hd_to_als,svm,hard_label_consensus_curve,5.0,0.900238,,,,,,,,
cross,hd_to_als,svm,hard_label_consensus_curve,50.0,0.795,,,,,,,,
cross,hd_to_als,xgb,aps,0.05,0.666667,0.0,1.0,21.0,0.620981,1.0,1.0,0.0,0.0
cross,hd_to_als,xgb,aps,0.1,0.666667,0.0,1.0,21.0,0.620981,1.0,1.0,0.0,0.0
cross,hd_to_als,xgb,aps,0.2,0.666667,0.0,1.0,21.0,0.620981,1.0,1.0,0.0,0.0
cross,hd_to_als,xgb,lac,0.05,0.666667,0.0,1.0,21.0,0.620981,1.0,1.0,0.0,0.0
cross,hd_to_als,xgb,lac,0.1,0.666667,0.0,1.0,21.0,0.620981,1.0,1.0,0.0,0.0
cross,hd_to_als,xgb,lac,0.2,0.666667,0.0,1.0,21.0,0.620981,1.0,1.0,0.0,0.0
cross,hd_to_als,xgb,hard_label_consensus_curve,1.0,1.0,,,,,,,,
cross,hd_to_als,xgb,hard_label_consensus_curve,10.0,1.0,,,,,,,,
cross,hd_to_als,xgb,hard_label_consensus_curve,25.0,1.0,,,,,,,,
cross,hd_to_als,xgb,hard_label_consensus_curve,3.0,1.0,,,,,,,,
cross,hd_to_als,xgb,hard_label_consensus_curve,5.0,1.0,,,,,,,,
cross,hd_to_als,xgb,hard_label_consensus_curve,50.0,1.0,,,,,,,,
cross,hd_to_pd,dt,aps,0.05,1.0,1.0,1.0,23.0,1.0,2.0,2.0,0.0,0.0
cross,hd_to_pd,dt,aps,0.1,1.0,1.0,1.0,23.0,1.0,2.0,2.0,0.0,0.0
cross,hd_to_pd,dt,aps,0.2,1.0,1.0,1.0,23.0,1.0,2.0,2.0,0.0,0.0
cross,hd_to_pd,dt,lac,0.05,0.782609,0.0,1.0,23.0,0.793392,1.0,1.0,0.0,0.0
cross,hd_to_pd,dt,lac,0.1,0.782609,0.0,1.0,23.0,0.793392,1.0,1.0,0.0,0.0
cross,hd_to_pd,dt,lac,0.2,0.782609,0.0,1.0,23.0,0.793392,1.0,1.0,0.0,0.0
cross,hd_to_pd,dt,hard_label_consensus_curve,1.0,1.0,,,,,,,,
cross,hd_to_pd,dt,hard_label_consensus_curve,10.0,1.0,,,,,,,,
cross,hd_to_pd,dt,hard_label_consensus_curve,25.0,1.0,,,,,,,,
cross,hd_to_pd,dt,hard_label_consensus_curve,3.0,1.0,,,,,,,,
cross,hd_to_pd,dt,hard_label_consensus_curve,5.0,1.0,,,,,,,,
cross,hd_to_pd,dt,hard_label_consensus_curve,50.0,1.0,,,,,,,,
cross,hd_to_pd,knn,aps,0.05,1.0,1.0,1.0,23.0,1.0,2.0,2.0,0.0,0.0
cross,hd_to_pd,knn,aps,0.1,1.0,1.0,1.0,23.0,1.0,2.0,2.0,0.0,0.0
cross,hd_to_pd,knn,aps,0.2,1.0,1.0,1.0,23.0,1.0,2.0,2.0,0.0,0.0
cross,hd_to_pd,knn,lac,0.05,0.679914,0.0,1.0,23.0,0.677744,1.0,1.0,0.0,0.0
cross,hd_to_pd,knn,lac,0.1,0.679914,0.0,1.0,23.0,0.677744,0.805545,1.0,0.194455,0.0
cross,hd_to_pd,knn,lac,0.2,0.679914,0.0,1.0,23.0,0.677744,0.805545,1.0,0.194455,0.0
cross,hd_to_pd,knn,hard_label_consensus_curve,1.0,1.0,,,,,,,,
cross,hd_to_pd,knn,hard_label_consensus_curve,10.0,0.489783,,,,,,,,
cross,hd_to_pd,knn,hard_label_consensus_curve,25.0,0.369783,,,,,,,,
cross,hd_to_pd,knn,hard_label_consensus_curve,3.0,0.724565,,,,,,,,
cross,hd_to_pd,knn,hard_label_consensus_curve,5.0,0.627391,,,,,,,,
cross,hd_to_pd,knn,hard_label_consensus_curve,50.0,0.307391,,,,,,,,
cross,hd_to_pd,lgbm,aps,0.05,0.782609,0.0,1.0,23.0,0.793392,1.0,1.0,0.0,0.0
cross,hd_to_pd,lgbm,aps,0.1,0.782609,0.0,1.0,23.0,0.793392,1.0,1.0,0.0,0.0
cross,hd_to_pd,lgbm,aps,0.2,0.782609,0.0,1.0,23.0,0.793392,1.0,1.0,0.0,0.0
cross,hd_to_pd,lgbm,lac,0.05,0.782609,0.0,1.0,23.0,0.793392,1.0,1.0,0.0,0.0
cross,hd_to_pd,lgbm,lac,0.1,0.782609,0.0,1.0,23.0,0.793392,1.0,1.0,0.0,0.0
cross,hd_to_pd,lgbm,lac,0.2,0.782609,0.0,1.0,23.0,0.793392,1.0,1.0,0.0,0.0
cross,hd_to_pd,lgbm,hard_label_consensus_curve,1.0,1.0,,,,,,,,
cross,hd_to_pd,lgbm,hard_label_consensus_curve,10.0,1.0,,,,,,,,
cross,hd_to_pd,lgbm,hard_label_consensus_curve,25.0,1.0,,,,,,,,
cross,hd_to_pd,lgbm,hard_label_consensus_curve,3.0,1.0,,,,,,,,
cross,hd_to_pd,lgbm,hard_label_consensus_curve,5.0,1.0,,,,,,,,
cross,hd_to_pd,lgbm,hard_label_consensus_curve,50.0,1.0,,,,,,,,
cross,hd_to_pd,qda,aps,0.05,0.991234,0.944664,1.0,23.0,0.991265,1.967148,1.967148,0.0,0.0
cross,hd_to_pd,qda,aps,0.1,0.991234,0.944664,1.0,23.0,0.991265,1.967148,1.967148,0.0,0.0
cross,hd_to_pd,qda,aps,0.2,0.991234,0.944664,1.0,23.0,0.991265,1.967148,1.967148,0.0,0.0
cross,hd_to_pd,qda,lac,0.05,0.866969,0.0,1.0,23.0,0.873528,1.070072,1.070072,0.0,0.0
cross,hd_to_pd,qda,lac,0.1,0.835478,0.0,1.0,23.0,0.842765,0.867072,1.0,0.132928,0.0
cross,hd_to_pd,qda,lac,0.2,0.835478,0.0,1.0,23.0,0.842765,0.597797,1.0,0.402203,0.0
cross,hd_to_pd,qda,hard_label_consensus_curve,1.0,1.0,,,,,,,,
cross,hd_to_pd,qda,hard_label_consensus_curve,10.0,0.726304,,,,,,,,
cross,hd_to_pd,qda,hard_label_consensus_curve,25.0,0.670652,,,,,,,,
cross,hd_to_pd,qda,hard_label_consensus_curve,3.0,0.845652,,,,,,,,
cross,hd_to_pd,qda,hard_label_consensus_curve,5.0,0.789565,,,,,,,,
cross,hd_to_pd,qda,hard_label_consensus_curve,50.0,0.648696,,,,,,,,
cross,hd_to_pd,rf,aps,0.05,0.970343,0.691489,1.0,23.0,0.972465,1.90695,1.90695,0.0,0.0
cross,hd_to_pd,rf,aps,0.1,0.970343,0.691489,1.0,23.0,0.972465,1.90695,1.90695,0.0,0.0
cross,hd_to_pd,rf,aps,0.2,0.970343,0.691489,1.0,23.0,0.972465,1.90695,1.90695,0.0,0.0
cross,hd_to_pd,rf,lac,0.05,0.782609,0.0,1.0,23.0,0.793392,0.29548,1.0,0.70452,0.0
cross,hd_to_pd,rf,lac,0.1,0.782609,0.0,1.0,23.0,0.793392,0.238131,1.0,0.761869,0.0
cross,hd_to_pd,rf,lac,0.2,0.782609,0.0,1.0,23.0,0.793392,0.130839,1.0,0.869161,0.0
cross,hd_to_pd,rf,hard_label_consensus_curve,1.0,1.0,,,,,,,,
cross,hd_to_pd,rf,hard_label_consensus_curve,10.0,1.0,,,,,,,,
cross,hd_to_pd,rf,hard_label_consensus_curve,25.0,1.0,,,,,,,,
cross,hd_to_pd,rf,hard_label_consensus_curve,3.0,1.0,,,,,,,,
cross,hd_to_pd,rf,hard_label_consensus_curve,5.0,1.0,,,,,,,,
cross,hd_to_pd,rf,hard_label_consensus_curve,50.0,1.0,,,,,,,,
cross,hd_to_pd,svm,aps,0.05,0.672192,0.0,1.0,23.0,0.667869,1.0,1.0,0.0,0.0
cross,hd_to_pd,svm,aps,0.1,0.672192,0.0,1.0,23.0,0.667869,1.0,1.0,0.0,0.0
cross,hd_to_pd,svm,aps,0.2,0.672192,0.0,1.0,23.0,0.667869,1.0,1.0,0.0,0.0
cross,hd_to_pd,svm,lac,0.05,0.672192,0.0,1.0,23.0,0.667869,0.539878,1.0,0.460122,0.0
cross,hd_to_pd,svm,lac,0.1,0.672192,0.0,1.0,23.0,0.667869,0.436574,1.0,0.563426,0.0
cross,hd_to_pd,svm,lac,0.2,0.672192,0.0,1.0,23.0,0.667869,0.37011,1.0,0.62989,0.0
cross,hd_to_pd,svm,hard_label_consensus_curve,1.0,1.0,,,,,,,,
cross,hd_to_pd,svm,hard_label_consensus_curve,10.0,0.63587,,,,,,,,
cross,hd_to_pd,svm,hard_label_consensus_curve,25.0,0.561522,,,,,,,,
cross,hd_to_pd,svm,hard_label_consensus_curve,3.0,0.794565,,,,,,,,
cross,hd_to_pd,svm,hard_label_consensus_curve,5.0,0.717391,,,,,,,,
cross,hd_to_pd,svm,hard_label_consensus_curve,50.0,0.518043,,,,,,,,
cross,hd_to_pd,xgb,aps,0.05,0.782609,0.0,1.0,23.0,0.793392,1.0,1.0,0.0,0.0
cross,hd_to_pd,xgb,aps,0.1,0.782609,0.0,1.0,23.0,0.793392,1.0,1.0,0.0,0.0
cross,hd_to_pd,xgb,aps,0.2,0.782609,0.0,1.0,23.0,0.793392,1.0,1.0,0.0,0.0
cross,hd_to_pd,xgb,lac,0.05,0.782609,0.0,1.0,23.0,0.793392,1.0,1.0,0.0,0.0
cross,hd_to_pd,xgb,lac,0.1,0.782609,0.0,1.0,23.0,0.793392,1.0,1.0,0.0,0.0
cross,hd_to_pd,xgb,lac,0.2,0.782609,0.0,1.0,23.0,0.793392,1.0,1.0,0.0,0.0
cross,hd_to_pd,xgb,hard_label_consensus_curve,1.0,1.0,,,,,,,,
cross,hd_to_pd,xgb,hard_label_consensus_curve,10.0,1.0,,,,,,,,
cross,hd_to_pd,xgb,hard_label_consensus_curve,25.0,1.0,,,,,,,,
cross,hd_to_pd,xgb,hard_label_consensus_curve,3.0,1.0,,,,,,,,
cross,hd_to_pd,xgb,hard_label_consensus_curve,5.0,1.0,,,,,,,,
cross,hd_to_pd,xgb,hard_label_consensus_curve,50.0,1.0,,,,,,,,
cross,pd_to_als,dt,aps,0.05,1.0,1.0,1.0,21.0,1.0,2.0,2.0,0.0,0.0
cross,pd_to_als,dt,aps,0.1,1.0,1.0,1.0,21.0,1.0,2.0,2.0,0.0,0.0
cross,pd_to_als,dt,aps,0.2,1.0,1.0,1.0,21.0,1.0,2.0,2.0,0.0,0.0
cross,pd_to_als,dt,lac,0.05,0.711958,0.0,1.0,21.0,0.67271,0.993715,1.0,0.006285,0.0
cross,pd_to_als,dt,lac,0.1,0.711958,0.0,1.0,21.0,0.67271,0.993715,1.0,0.006285,0.0
cross,pd_to_als,dt,lac,0.2,0.711958,0.0,1.0,21.0,0.67271,0.993715,1.0,0.006285,0.0
cross,pd_to_als,dt,hard_label_consensus_curve,1.0,1.0,,,,,,,,
cross,pd_to_als,dt,hard_label_consensus_curve,10.0,0.981667,,,,,,,,
cross,pd_to_als,dt,hard_label_consensus_curve,25.0,0.962857,,,,,,,,
cross,pd_to_als,dt,hard_label_consensus_curve,3.0,0.993571,,,,,,,,
cross,pd_to_als,dt,hard_label_consensus_curve,5.0,0.989762,,,,,,,,
cross,pd_to_als,dt,hard_label_consensus_curve,50.0,0.955238,,,,,,,,
cross,pd_to_als,knn,aps,0.05,1.0,1.0,1.0,21.0,1.0,2.0,2.0,0.0,0.0
cross,pd_to_als,knn,aps,0.1,1.0,1.0,1.0,21.0,1.0,2.0,2.0,0.0,0.0
cross,pd_to_als,knn,aps,0.2,1.0,1.0,1.0,21.0,1.0,2.0,2.0,0.0,0.0
cross,pd_to_als,knn,lac,0.05,0.826298,0.0,1.0,21.0,0.801789,0.741842,1.0,0.258158,0.0
cross,pd_to_als,knn,lac,0.1,0.826298,0.0,1.0,21.0,0.801789,0.741842,1.0,0.258158,0.0
cross,pd_to_als,knn,lac,0.2,0.826298,0.0,1.0,21.0,0.801789,0.741842,1.0,0.258158,0.0
cross,pd_to_als,knn,hard_label_consensus_curve,1.0,1.0,,,,,,,,
cross,pd_to_als,knn,hard_label_consensus_curve,10.0,0.597381,,,,,,,,
cross,pd_to_als,knn,hard_label_consensus_curve,25.0,0.536905,,,,,,,,
cross,pd_to_als,knn,hard_label_consensus_curve,3.0,0.758571,,,,,,,,
cross,pd_to_als,knn,hard_label_consensus_curve,5.0,0.674048,,,,,,,,
cross,pd_to_als,knn,hard_label_consensus_curve,50.0,0.525476,,,,,,,,
cross,pd_to_als,lgbm,aps,0.05,0.753619,0.0,1.0,21.0,0.718153,0.937153,1.0,0.062847,0.0
cross,pd_to_als,lgbm,aps,0.1,0.753619,0.0,1.0,21.0,0.718153,0.930868,1.0,0.069132,0.0
cross,pd_to_als,lgbm,aps,0.2,0.753619,0.0,1.0,21.0,0.718153,0.872613,1.0,0.127387,0.0
cross,pd_to_als,lgbm,lac,0.05,0.753619,0.0,1.0,21.0,0.718153,0.434856,1.0,0.565144,0.0
cross,pd_to_als,lgbm,lac,0.1,0.753619,0.0,1.0,21.0,0.718153,0.415518,1.0,0.584482,0.0
cross,pd_to_als,lgbm,lac,0.2,0.753619,0.0,1.0,21.0,0.718153,0.391588,1.0,0.608412,0.0
cross,pd_to_als,lgbm,hard_label_consensus_curve,1.0,1.0,,,,,,,,
cross,pd_to_als,lgbm,hard_label_consensus_curve,10.0,0.919524,,,,,,,,
cross,pd_to_als,lgbm,hard_label_consensus_curve,25.0,0.875714,,,,,,,,
cross,pd_to_als,lgbm,hard_label_consensus_curve,3.0,0.963095,,,,,,,,
cross,pd_to_als,lgbm,hard_label_consensus_curve,5.0,0.947381,,,,,,,,
cross,pd_to_als,lgbm,hard_label_consensus_curve,50.0,0.841429,,,,,,,,
cross,pd_to_als,qda,aps,0.05,0.998848,0.989362,1.0,21.0,0.998791,1.973411,1.973411,0.0,0.0
cross,pd_to_als,qda,aps,0.1,0.998848,0.989362,1.0,21.0,0.998791,1.973411,1.973411,0.0,0.0
cross,pd_to_als,qda,aps,0.2,0.909971,0.0,1.0,21.0,0.905729,0.649746,1.0,0.350254,0.0
cross,pd_to_als,qda,lac,0.05,0.909971,0.0,1.0,21.0,0.905729,0.921924,1.0,0.078076,0.0
cross,pd_to_als,qda,lac,0.1,0.909971,0.0,1.0,21.0,0.905729,0.768915,1.0,0.231085,0.0
cross,pd_to_als,qda,lac,0.2,0.909971,0.0,1.0,21.0,0.905729,0.632826,1.0,0.367174,0.0
cross,pd_to_als,qda,hard_label_consensus_curve,1.0,1.0,,,,,,,,
cross,pd_to_als,qda,hard_label_consensus_curve,10.0,0.794762,,,,,,,,
cross,pd_to_als,qda,hard_label_consensus_curve,25.0,0.729048,,,,,,,,
cross,pd_to_als,qda,hard_label_consensus_curve,3.0,0.899524,,,,,,,,
cross,pd_to_als,qda,hard_label_consensus_curve,5.0,0.852857,,,,,,,,
cross,pd_to_als,qda,hard_label_consensus_curve,50.0,0.697857,,,,,,,,
cross,pd_to_als,rf,aps,0.05,0.996877,0.974468,1.0,21.0,0.996374,1.970752,1.970752,0.0,0.0
cross,pd_to_als,rf,aps,0.1,0.996877,0.974468,1.0,21.0,0.996374,1.970752,1.970752,0.0,0.0
cross,pd_to_als,rf,aps,0.2,0.996877,0.974468,1.0,21.0,0.996374,1.970752,1.970752,0.0,0.0
cross,pd_to_als,rf,lac,0.05,0.714447,0.0,1.0,21.0,0.675369,0.326807,1.0,0.673193,0.0
cross,pd_to_als,rf,lac,0.1,0.714447,0.0,1.0,21.0,0.675369,0.28934,1.0,0.71066,0.0
cross,pd_to_als,rf,lac,0.2,0.714447,0.0,1.0,21.0,0.675369,0.284989,1.0,0.715011,0.0
cross,pd_to_als,rf,hard_label_consensus_curve,1.0,1.0,,,,,,,,
cross,pd_to_als,rf,hard_label_consensus_curve,10.0,0.94119,,,,,,,,
cross,pd_to_als,rf,hard_label_consensus_curve,25.0,0.90619,,,,,,,,
cross,pd_to_als,rf,hard_label_consensus_curve,3.0,0.97881,,,,,,,,
cross,pd_to_als,rf,hard_label_consensus_curve,5.0,0.966905,,,,,,,,
cross,pd_to_als,rf,hard_label_consensus_curve,50.0,0.889286,,,,,,,,
cross,pd_to_als,svm,aps,0.05,0.983562,0.829787,1.0,21.0,0.982596,1.905245,1.905245,0.0,0.0
cross,pd_to_als,svm,aps,0.1,0.90277,0.297872,1.0,21.0,0.893884,1.270969,1.270969,0.0,0.0
cross,pd_to_als,svm,aps,0.2,0.872533,0.0,1.0,21.0,0.861736,0.877931,1.0,0.122069,0.0
cross,pd_to_als,svm,lac,0.05,0.954017,0.234043,1.0,21.0,0.953831,1.249456,1.249456,0.0,0.0
cross,pd_to_als,svm,lac,0.1,0.885526,0.0,1.0,21.0,0.876722,1.0365,1.0365,0.0,0.0
cross,pd_to_als,svm,lac,0.2,0.872533,0.0,1.0,21.0,0.861736,0.768915,1.0,0.231085,0.0
cross,pd_to_als,svm,hard_label_consensus_curve,1.0,1.0,,,,,,,,
cross,pd_to_als,svm,hard_label_consensus_curve,10.0,0.797143,,,,,,,,
cross,pd_to_als,svm,hard_label_consensus_curve,25.0,0.762857,,,,,,,,
cross,pd_to_als,svm,hard_label_consensus_curve,3.0,0.858333,,,,,,,,
cross,pd_to_als,svm,hard_label_consensus_curve,5.0,0.822619,,,,,,,,
cross,pd_to_als,svm,hard_label_consensus_curve,50.0,0.742143,,,,,,,,
cross,pd_to_als,xgb,aps,0.05,0.757102,0.0,1.0,21.0,0.722021,1.0,1.0,0.0,0.0
cross,pd_to_als,xgb,aps,0.1,0.757102,0.0,1.0,21.0,0.722021,1.0,1.0,0.0,0.0
cross,pd_to_als,xgb,aps,0.2,0.757102,0.0,1.0,21.0,0.722021,0.729031,1.0,0.270969,0.0
cross,pd_to_als,xgb,lac,0.05,0.757102,0.0,1.0,21.0,0.722021,0.57578,1.0,0.42422,0.0
cross,pd_to_als,xgb,lac,0.1,0.757102,0.0,1.0,21.0,0.722021,0.449843,1.0,0.550157,0.0
cross,pd_to_als,xgb,lac,0.2,0.757102,0.0,1.0,21.0,0.722021,0.402466,1.0,0.597534,0.0
cross,pd_to_als,xgb,hard_label_consensus_curve,1.0,1.0,,,,,,,,
cross,pd_to_als,xgb,hard_label_consensus_curve,10.0,0.919524,,,,,,,,
cross,pd_to_als,xgb,hard_label_consensus_curve,25.0,0.872619,,,,,,,,
cross,pd_to_als,xgb,hard_label_consensus_curve,3.0,0.970238,,,,,,,,
cross,pd_to_als,xgb,hard_label_consensus_curve,5.0,0.948571,,,,,,,,
cross,pd_to_als,xgb,hard_label_consensus_curve,50.0,0.838333,,,,,,,,
cross,pd_to_hd,dt,aps,0.05,1.0,1.0,1.0,27.0,1.0,2.0,2.0,0.0,0.0
cross,pd_to_hd,dt,aps,0.1,1.0,1.0,1.0,27.0,1.0,2.0,2.0,0.0,0.0
cross,pd_to_hd,dt,aps,0.2,1.0,1.0,1.0,27.0,1.0,2.0,2.0,0.0,0.0
cross,pd_to_hd,dt,lac,0.05,0.850041,0.0,1.0,27.0,0.849641,0.99576,1.0,0.00424,0.0
cross,pd_to_hd,dt,lac,0.1,0.850041,0.0,1.0,27.0,0.849641,0.99576,1.0,0.00424,0.0
cross,pd_to_hd,dt,lac,0.2,0.850041,0.0,1.0,27.0,0.849641,0.99576,1.0,0.00424,0.0
cross,pd_to_hd,dt,hard_label_consensus_curve,1.0,1.0,,,,,,,,
cross,pd_to_hd,dt,hard_label_consensus_curve,10.0,0.985741,,,,,,,,
cross,pd_to_hd,dt,hard_label_consensus_curve,25.0,0.971111,,,,,,,,
cross,pd_to_hd,dt,hard_label_consensus_curve,3.0,0.995,,,,,,,,
cross,pd_to_hd,dt,hard_label_consensus_curve,5.0,0.992037,,,,,,,,
cross,pd_to_hd,dt,hard_label_consensus_curve,50.0,0.965185,,,,,,,,
cross,pd_to_hd,knn,aps,0.05,1.0,1.0,1.0,27.0,1.0,2.0,2.0,0.0,0.0
cross,pd_to_hd,knn,aps,0.1,1.0,1.0,1.0,27.0,1.0,2.0,2.0,0.0,0.0
cross,pd_to_hd,knn,aps,0.2,1.0,1.0,1.0,27.0,1.0,2.0,2.0,0.0,0.0
cross,pd_to_hd,knn,lac,0.05,0.810955,0.0,1.0,27.0,0.807404,0.785714,1.0,0.214286,0.0
cross,pd_to_hd,knn,lac,0.1,0.810955,0.0,1.0,27.0,0.807404,0.785714,1.0,0.214286,0.0
cross,pd_to_hd,knn,lac,0.2,0.810955,0.0,1.0,27.0,0.807404,0.785714,1.0,0.214286,0.0
cross,pd_to_hd,knn,hard_label_consensus_curve,1.0,1.0,,,,,,,,
cross,pd_to_hd,knn,hard_label_consensus_curve,10.0,0.628889,,,,,,,,
cross,pd_to_hd,knn,hard_label_consensus_curve,25.0,0.575741,,,,,,,,
cross,pd_to_hd,knn,hard_label_consensus_curve,3.0,0.76963,,,,,,,,
cross,pd_to_hd,knn,hard_label_consensus_curve,5.0,0.693333,,,,,,,,
cross,pd_to_hd,knn,hard_label_consensus_curve,50.0,0.548889,,,,,,,,
cross,pd_to_hd,lgbm,aps,0.05,0.850864,0.0,1.0,27.0,0.850457,0.846543,1.0,0.153457,0.0
cross,pd_to_hd,lgbm,aps,0.1,0.850864,0.0,1.0,27.0,0.850457,0.782779,1.0,0.217221,0.0
cross,pd_to_hd,lgbm,aps,0.2,0.850864,0.0,1.0,27.0,0.850457,0.70711,1.0,0.29289,0.0
cross,pd_to_hd,lgbm,lac,0.05,0.850864,0.0,1.0,27.0,0.850457,0.561807,1.0,0.438193,0.0
cross,pd_to_hd,lgbm,lac,0.1,0.850864,0.0,1.0,27.0,0.850457,0.533431,1.0,0.466569,0.0
cross,pd_to_hd,lgbm,lac,0.2,0.850864,0.0,1.0,27.0,0.850457,0.493803,1.0,0.506197,0.0
cross,pd_to_hd,lgbm,hard_label_consensus_curve,1.0,1.0,,,,,,,,
cross,pd_to_hd,lgbm,hard_label_consensus_curve,10.0,0.991852,,,,,,,,
cross,pd_to_hd,lgbm,hard_label_consensus_curve,25.0,0.979815,,,,,,,,
cross,pd_to_hd,lgbm,hard_label_consensus_curve,3.0,0.996667,,,,,,,,
cross,pd_to_hd,lgbm,hard_label_consensus_curve,5.0,0.99537,,,,,,,,
cross,pd_to_hd,lgbm,hard_label_consensus_curve,50.0,0.97037,,,,,,,,
cross,pd_to_hd,qda,aps,0.05,0.997946,0.98,1.0,27.0,0.99788,1.983366,1.983366,0.0,0.0
cross,pd_to_hd,qda,aps,0.1,0.997946,0.98,1.0,27.0,0.99788,1.983366,1.983366,0.0,0.0
cross,pd_to_hd,qda,aps,0.2,0.873491,0.0,1.0,27.0,0.874592,0.532127,1.0,0.467873,0.0
cross,pd_to_hd,qda,lac,0.05,0.873491,0.0,1.0,27.0,0.874592,0.927756,1.0,0.072244,0.0
cross,pd_to_hd,qda,lac,0.1,0.873491,0.0,1.0,27.0,0.874592,0.792237,1.0,0.207763,0.0
cross,pd_to_hd,qda,lac,0.2,0.873491,0.0,1.0,27.0,0.874592,0.687215,1.0,0.312785,0.0
cross,pd_to_hd,qda,hard_label_consensus_curve,1.0,1.0,,,,,,,,
cross,pd_to_hd,qda,hard_label_consensus_curve,10.0,0.841852,,,,,,,,
cross,pd_to_hd,qda,hard_label_consensus_curve,25.0,0.794074,,,,,,,,
cross,pd_to_hd,qda,hard_label_consensus_curve,3.0,0.922407,,,,,,,,
cross,pd_to_hd,qda,hard_label_consensus_curve,5.0,0.891296,,,,,,,,
cross,pd_to_hd,qda,hard_label_consensus_curve,50.0,0.765926,,,,,,,,
cross,pd_to_hd,rf,aps,0.05,0.998129,0.972,1.0,27.0,0.998043,1.982877,1.982877,0.0,0.0
cross,pd_to_hd,rf,aps,0.1,0.998129,0.972,1.0,27.0,0.998043,1.982877,1.982877,0.0,0.0
cross,pd_to_hd,rf,aps,0.2,0.998129,0.972,1.0,27.0,0.998043,1.982877,1.982877,0.0,0.0
cross,pd_to_hd,rf,lac,0.05,0.849053,0.0,1.0,27.0,0.848663,0.524951,1.0,0.475049,0.0
cross,pd_to_hd,rf,lac,0.1,0.849053,0.0,1.0,27.0,0.848663,0.477495,1.0,0.522505,0.0
cross,pd_to_hd,rf,lac,0.2,0.849053,0.0,1.0,27.0,0.848663,0.436888,1.0,0.563112,0.0
cross,pd_to_hd,rf,hard_label_consensus_curve,1.0,1.0,,,,,,,,
cross,pd_to_hd,rf,hard_label_consensus_curve,10.0,0.978519,,,,,,,,
cross,pd_to_hd,rf,hard_label_consensus_curve,25.0,0.966667,,,,,,,,
cross,pd_to_hd,rf,hard_label_consensus_curve,3.0,0.990741,,,,,,,,
cross,pd_to_hd,rf,hard_label_consensus_curve,5.0,0.988333,,,,,,,,
cross,pd_to_hd,rf,hard_label_consensus_curve,50.0,0.963519,,,,,,,,
cross,pd_to_hd,svm,aps,0.05,0.978166,0.824468,1.0,27.0,0.978311,1.918787,1.918787,0.0,0.0
cross,pd_to_hd,svm,aps,0.1,0.871748,0.288,1.0,27.0,0.869863,1.377038,1.377038,0.0,0.0
cross,pd_to_hd,svm,aps,0.2,0.829615,0.0,1.0,27.0,0.827626,0.71347,1.0,0.28653,0.0
cross,pd_to_hd,svm,lac,0.05,0.91806,0.234043,1.0,27.0,0.91895,1.17319,1.17319,0.0,0.0
cross,pd_to_hd,svm,lac,0.1,0.840244,0.0,1.0,27.0,0.838715,1.022831,1.022831,0.0,0.0
cross,pd_to_hd,svm,lac,0.2,0.829615,0.0,1.0,27.0,0.827626,0.840835,1.0,0.159165,0.0
cross,pd_to_hd,svm,hard_label_consensus_curve,1.0,1.0,,,,,,,,
cross,pd_to_hd,svm,hard_label_consensus_curve,10.0,0.820556,,,,,,,,
cross,pd_to_hd,svm,hard_label_consensus_curve,25.0,0.781481,,,,,,,,
cross,pd_to_hd,svm,hard_label_consensus_curve,3.0,0.891667,,,,,,,,
cross,pd_to_hd,svm,hard_label_consensus_curve,5.0,0.857593,,,,,,,,
cross,pd_to_hd,svm,hard_label_consensus_curve,50.0,0.756667,,,,,,,,
cross,pd_to_hd,xgb,aps,0.05,0.851029,0.0,1.0,27.0,0.85062,1.0,1.0,0.0,0.0
cross,pd_to_hd,xgb,aps,0.1,0.851029,0.0,1.0,27.0,0.85062,1.0,1.0,0.0,0.0
cross,pd_to_hd,xgb,aps,0.2,0.851029,0.0,1.0,27.0,0.85062,0.66895,1.0,0.33105,0.0
cross,pd_to_hd,xgb,lac,0.05,0.851029,0.0,1.0,27.0,0.85062,0.659002,1.0,0.340998,0.0
cross,pd_to_hd,xgb,lac,0.1,0.851029,0.0,1.0,27.0,0.85062,0.599478,1.0,0.400522,0.0
cross,pd_to_hd,xgb,lac,0.2,0.851029,0.0,1.0,27.0,0.85062,0.558219,1.0,0.441781,0.0
cross,pd_to_hd,xgb,hard_label_consensus_curve,1.0,1.0,,,,,,,,
cross,pd_to_hd,xgb,hard_label_consensus_curve,10.0,0.993333,,,,,,,,
cross,pd_to_hd,xgb,hard_label_consensus_curve,25.0,0.982963,,,,,,,,
cross,pd_to_hd,xgb,hard_label_consensus_curve,3.0,0.997407,,,,,,,,
cross,pd_to_hd,xgb,hard_label_consensus_curve,5.0,0.996667,,,,,,,,
cross,pd_to_hd,xgb,hard_label_consensus_curve,50.0,0.973704,,,,,,,,
within,als,dt,aps,0.05,1.0,1.0,1.0,21.0,1.0,2.0,2.0,0.0,0.0
within,als,dt,aps,0.1,1.0,1.0,1.0,21.0,1.0,2.0,2.0,0.0,0.0
within,als,dt,aps,0.2,1.0,1.0,1.0,21.0,1.0,2.0,2.0,0.0,0.0
within,als,dt,lac,0.05,1.0,1.0,1.0,21.0,1.0,2.0,2.0,0.0,0.0
within,als,dt,lac,0.1,1.0,1.0,1.0,21.0,1.0,2.0,2.0,0.0,0.0
within,als,dt,lac,0.2,0.856387,0.0,1.0,21.0,0.840958,0.971083,1.0,0.028917,0.0
within,als,dt,hard_label_consensus_curve,1.0,1.0,,,,,,,,
within,als,dt,hard_label_consensus_curve,10.0,0.753095,,,,,,,,
within,als,dt,hard_label_consensus_curve,25.0,0.650476,,,,,,,,
within,als,dt,hard_label_consensus_curve,3.0,0.880952,,,,,,,,
within,als,dt,hard_label_consensus_curve,5.0,0.837619,,,,,,,,
within,als,dt,hard_label_consensus_curve,50.0,0.595,,,,,,,,
within,als,knn,aps,0.05,0.999565,0.995146,1.0,21.0,0.999526,1.999289,1.999289,0.0,0.0
within,als,knn,aps,0.1,0.999565,0.995146,1.0,21.0,0.999526,1.999289,1.999289,0.0,0.0
within,als,knn,aps,0.2,0.999565,0.995146,1.0,21.0,0.999526,1.999289,1.999289,0.0,0.0
within,als,knn,lac,0.05,0.954716,0.619658,1.0,21.0,0.945959,1.013984,1.016829,0.002844,0.0
within,als,knn,lac,0.1,0.948251,0.619658,1.0,21.0,0.938611,0.936004,1.0,0.063996,0.0
within,als,knn,lac,0.2,0.948251,0.619658,1.0,21.0,0.938611,0.924153,1.0,0.075847,0.0
within,als,knn,hard_label_consensus_curve,1.0,1.0,,,,,,,,
within,als,knn,hard_label_consensus_curve,10.0,0.77881,,,,,,,,
within,als,knn,hard_label_consensus_curve,25.0,0.698571,,,,,,,,
within,als,knn,hard_label_consensus_curve,3.0,0.885476,,,,,,,,
within,als,knn,hard_label_consensus_curve,5.0,0.842143,,,,,,,,
within,als,knn,hard_label_consensus_curve,50.0,0.629048,,,,,,,,
within,als,lgbm,aps,0.05,1.0,1.0,1.0,21.0,1.0,2.0,2.0,0.0,0.0
within,als,lgbm,aps,0.1,1.0,1.0,1.0,21.0,1.0,2.0,2.0,0.0,0.0
within,als,lgbm,aps,0.2,0.86483,0.0,1.0,21.0,0.846172,1.837639,1.837639,0.0,0.0
within,als,lgbm,lac,0.05,0.950378,0.0,1.0,21.0,0.938611,1.571225,1.571225,0.0,0.0
within,als,lgbm,lac,0.1,0.887072,0.0,1.0,21.0,0.869637,1.308367,1.308367,0.0,0.0
within,als,lgbm,lac,0.2,0.827735,0.0,1.0,21.0,0.803508,1.059967,1.059967,0.0,0.0
within,als,lgbm,hard_label_consensus_curve,1.0,1.0,,,,,,,,
within,als,lgbm,hard_label_consensus_curve,10.0,0.686667,,,,,,,,
within,als,lgbm,hard_label_consensus_curve,25.0,0.615,,,,,,,,
within,als,lgbm,hard_label_consensus_curve,3.0,0.841429,,,,,,,,
within,als,lgbm,hard_label_consensus_curve,5.0,0.775238,,,,,,,,
within,als,lgbm,hard_label_consensus_curve,50.0,0.585238,,,,,,,,
within,als,qda,aps,0.05,0.998719,0.973094,1.0,21.0,0.998578,1.968713,1.968713,0.0,0.0
within,als,qda,aps,0.1,0.998719,0.973094,1.0,21.0,0.998578,1.968713,1.968713,0.0,0.0
within,als,qda,aps,0.2,0.998719,0.973094,1.0,21.0,0.998578,1.968713,1.968713,0.0,0.0
within,als,qda,lac,0.05,0.969076,0.547085,1.0,21.0,0.964684,0.967528,1.0,0.032472,0.0
within,als,qda,lac,0.1,0.969076,0.547085,1.0,21.0,0.964684,0.904717,1.0,0.095283,0.0
within,als,qda,lac,0.2,0.969076,0.547085,1.0,21.0,0.964684,0.795923,1.0,0.204077,0.0
within,als,qda,hard_label_consensus_curve,1.0,1.0,,,,,,,,
within,als,qda,hard_label_consensus_curve,10.0,0.875476,,,,,,,,
within,als,qda,hard_label_consensus_curve,25.0,0.811667,,,,,,,,
within,als,qda,hard_label_consensus_curve,3.0,0.937857,,,,,,,,
within,als,qda,hard_label_consensus_curve,5.0,0.90881,,,,,,,,
within,als,qda,hard_label_consensus_curve,50.0,0.759762,,,,,,,,
within,als,rf,aps,0.05,0.995593,0.93722,1.0,21.0,0.995023,1.958995,1.958995,0.0,0.0
within,als,rf,aps,0.1,0.995593,0.93722,1.0,21.0,0.995023,1.958995,1.958995,0.0,0.0
within,als,rf,aps,0.2,0.995593,0.93722,1.0,21.0,0.995023,1.958995,1.958995,0.0,0.0
within,als,rf,lac,0.05,0.947466,0.251121,1.0,21.0,0.940744,1.117563,1.118274,0.000711,0.0
within,als,rf,lac,0.1,0.928483,0.251121,1.0,21.0,0.918701,0.928182,1.0,0.071818,0.0
within,als,rf,lac,0.2,0.928483,0.251121,1.0,21.0,0.918701,0.810856,1.0,0.189144,0.0
within,als,rf,hard_label_consensus_curve,1.0,1.0,,,,,,,,
within,als,rf,hard_label_consensus_curve,10.0,0.777619,,,,,,,,
within,als,rf,hard_label_consensus_curve,25.0,0.705,,,,,,,,
within,als,rf,hard_label_consensus_curve,3.0,0.88381,,,,,,,,
within,als,rf,hard_label_consensus_curve,5.0,0.849048,,,,,,,,
within,als,rf,hard_label_consensus_curve,50.0,0.64881,,,,,,,,
within,als,svm,aps,0.05,0.973971,0.850427,1.0,21.0,0.970846,1.0,1.0,0.0,0.0
within,als,svm,aps,0.1,0.973971,0.850427,1.0,21.0,0.970846,1.0,1.0,0.0,0.0
within,als,svm,aps,0.2,0.973971,0.850427,1.0,21.0,0.970846,1.0,1.0,0.0,0.0
within,als,svm,lac,0.05,0.973971,0.850427,1.0,21.0,0.970846,0.952121,1.0,0.047879,0.0
within,als,svm,lac,0.1,0.973971,0.850427,1.0,21.0,0.970846,0.892155,1.0,0.107845,0.0
within,als,svm,lac,0.2,0.973971,0.850427,1.0,21.0,0.970846,0.784072,1.0,0.215928,0.0
within,als,svm,hard_label_consensus_curve,1.0,1.0,,,,,,,,
within,als,svm,hard_label_consensus_curve,10.0,0.834762,,,,,,,,
within,als,svm,hard_label_consensus_curve,25.0,0.754286,,,,,,,,
within,als,svm,hard_label_consensus_curve,3.0,0.932381,,,,,,,,
within,als,svm,hard_label_consensus_curve,5.0,0.890476,,,,,,,,
within,als,svm,hard_label_consensus_curve,50.0,0.706429,,,,,,,,
within,als,xgb,aps,0.05,0.978842,0.666667,1.0,21.0,0.977009,1.808248,1.808248,0.0,0.0
within,als,xgb,aps,0.1,0.978842,0.666667,1.0,21.0,0.977009,1.808248,1.808248,0.0,0.0
within,als,xgb,aps,0.2,0.846723,0.0,1.0,21.0,0.82484,0.96255,1.0,0.03745,0.0
within,als,xgb,lac,0.05,0.947243,0.286996,1.0,21.0,0.941455,1.193648,1.193648,0.0,0.0
within,als,xgb,lac,0.1,0.884186,0.0,1.0,21.0,0.865608,1.104527,1.104527,0.0,0.0
within,als,xgb,lac,0.2,0.846723,0.0,1.0,21.0,0.82484,0.868452,1.0,0.131548,0.0
within,als,xgb,hard_label_consensus_curve,1.0,1.0,,,,,,,,
within,als,xgb,hard_label_consensus_curve,10.0,0.824048,,,,,,,,
within,als,xgb,hard_label_consensus_curve,25.0,0.752857,,,,,,,,
within,als,xgb,hard_label_consensus_curve,3.0,0.914762,,,,,,,,
within,als,xgb,hard_label_consensus_curve,5.0,0.879762,,,,,,,,
within,als,xgb,hard_label_consensus_curve,50.0,0.707857,,,,,,,,
within,hd,dt,aps,0.05,1.0,1.0,1.0,27.0,1.0,2.0,2.0,0.0,0.0
within,hd,dt,aps,0.1,1.0,1.0,1.0,27.0,1.0,2.0,2.0,0.0,0.0
within,hd,dt,aps,0.2,1.0,1.0,1.0,27.0,1.0,2.0,2.0,0.0,0.0
within,hd,dt,lac,0.05,0.925926,0.0,1.0,27.0,0.918088,1.918088,1.918088,0.0,0.0
within,hd,dt,lac,0.1,0.925926,0.0,1.0,27.0,0.918088,1.0,1.0,0.0,0.0
within,hd,dt,lac,0.2,0.925926,0.0,1.0,27.0,0.918088,1.0,1.0,0.0,0.0
within,hd,dt,hard_label_consensus_curve,1.0,1.0,,,,,,,,
within,hd,dt,hard_label_consensus_curve,10.0,1.0,,,,,,,,
within,hd,dt,hard_label_consensus_curve,25.0,1.0,,,,,,,,
within,hd,dt,hard_label_consensus_curve,3.0,1.0,,,,,,,,
within,hd,dt,hard_label_consensus_curve,5.0,1.0,,,,,,,,
within,hd,dt,hard_label_consensus_curve,50.0,1.0,,,,,,,,
within,hd,knn,aps,0.05,1.0,1.0,1.0,27.0,1.0,1.999839,1.999839,0.0,0.0
within,hd,knn,aps,0.1,1.0,1.0,1.0,27.0,1.0,1.999839,1.999839,0.0,0.0
within,hd,knn,aps,0.2,1.0,1.0,1.0,27.0,1.0,1.999839,1.999839,0.0,0.0
within,hd,knn,lac,0.05,1.0,1.0,1.0,27.0,1.0,2.0,2.0,0.0,0.0
within,hd,knn,lac,0.1,0.903592,0.058296,1.0,27.0,0.898294,1.896202,1.896202,0.0,0.0
within,hd,knn,lac,0.2,0.805343,0.004484,1.0,27.0,0.796106,1.029128,1.029289,0.000161,0.0
within,hd,knn,hard_label_consensus_curve,1.0,1.0,,,,,,,,
within,hd,knn,hard_label_consensus_curve,10.0,0.671852,,,,,,,,
within,hd,knn,hard_label_consensus_curve,25.0,0.581296,,,,,,,,
within,hd,knn,hard_label_consensus_curve,3.0,0.826296,,,,,,,,
within,hd,knn,hard_label_consensus_curve,5.0,0.75537,,,,,,,,
within,hd,knn,hard_label_consensus_curve,50.0,0.517593,,,,,,,,
within,hd,lgbm,aps,0.05,0.925926,0.0,1.0,27.0,0.918088,1.836176,1.918088,0.081912,0.0
within,hd,lgbm,aps,0.1,0.925926,0.0,1.0,27.0,0.918088,0.884294,1.0,0.115706,0.0
within,hd,lgbm,aps,0.2,0.925926,0.0,1.0,27.0,0.918088,0.776955,1.0,0.223045,0.0
within,hd,lgbm,lac,0.05,0.925926,0.0,1.0,27.0,0.918088,1.918088,1.918088,0.0,0.0
within,hd,lgbm,lac,0.1,0.925926,0.0,1.0,27.0,0.918088,0.985517,1.0,0.014483,0.0
within,hd,lgbm,lac,0.2,0.925926,0.0,1.0,27.0,0.918088,0.887029,1.0,0.112971,0.0
within,hd,lgbm,hard_label_consensus_curve,1.0,1.0,,,,,,,,
within,hd,lgbm,hard_label_consensus_curve,10.0,1.0,,,,,,,,
within,hd,lgbm,hard_label_consensus_curve,25.0,1.0,,,,,,,,
within,hd,lgbm,hard_label_consensus_curve,3.0,1.0,,,,,,,,
within,hd,lgbm,hard_label_consensus_curve,5.0,1.0,,,,,,,,
within,hd,lgbm,hard_label_consensus_curve,50.0,1.0,,,,,,,,
within,hd,qda,aps,0.05,0.99462,0.94,1.0,27.0,0.994368,1.970389,1.970389,0.0,0.0
within,hd,qda,aps,0.1,0.99462,0.94,1.0,27.0,0.994368,1.970389,1.970389,0.0,0.0
within,hd,qda,aps,0.2,0.99462,0.94,1.0,27.0,0.994368,1.970389,1.970389,0.0,0.0
within,hd,qda,lac,0.05,0.936158,0.02,1.0,27.0,0.933698,1.290795,1.290795,0.0,0.0
within,hd,qda,lac,0.1,0.897133,0.02,1.0,27.0,0.892823,0.999356,1.012874,0.013518,0.0
within,hd,qda,lac,0.2,0.894194,0.02,1.0,27.0,0.889604,0.854361,1.0,0.145639,0.0
within,hd,qda,hard_label_consensus_curve,1.0,1.0,,,,,,,,
within,hd,qda,hard_label_consensus_curve,10.0,0.858889,,,,,,,,
within,hd,qda,hard_label_consensus_curve,25.0,0.80963,,,,,,,,
within,hd,qda,hard_label_consensus_curve,3.0,0.927778,,,,,,,,
within,hd,qda,hard_label_consensus_curve,5.0,0.896111,,,,,,,,
within,hd,qda,hard_label_consensus_curve,50.0,0.778704,,,,,,,,
within,hd,rf,aps,0.05,1.0,1.0,1.0,27.0,1.0,1.977792,1.977792,0.0,0.0
within,hd,rf,aps,0.1,1.0,1.0,1.0,27.0,1.0,1.977792,1.977792,0.0,0.0
within,hd,rf,aps,0.2,1.0,1.0,1.0,27.0,1.0,1.977792,1.977792,0.0,0.0
within,hd,rf,lac,0.05,0.925926,0.0,1.0,27.0,0.918088,1.443193,1.443193,0.0,0.0
within,hd,rf,lac,0.1,0.925926,0.0,1.0,27.0,0.918088,0.961538,1.0,0.038462,0.0
within,hd,rf,lac,0.2,0.925926,0.0,1.0,27.0,0.918088,0.886064,1.0,0.113936,0.0
within,hd,rf,hard_label_consensus_curve,1.0,1.0,,,,,,,,
within,hd,rf,hard_label_consensus_curve,10.0,1.0,,,,,,,,
within,hd,rf,hard_label_consensus_curve,25.0,1.0,,,,,,,,
within,hd,rf,hard_label_consensus_curve,3.0,1.0,,,,,,,,
within,hd,rf,hard_label_consensus_curve,5.0,1.0,,,,,,,,
within,hd,rf,hard_label_consensus_curve,50.0,1.0,,,,,,,,
within,hd,svm,aps,0.05,0.978302,0.852018,1.0,27.0,0.976987,1.943193,1.943193,0.0,0.0
within,hd,svm,aps,0.1,0.978302,0.852018,1.0,27.0,0.976987,1.943193,1.943193,0.0,0.0
within,hd,svm,aps,0.2,0.815057,0.0,1.0,27.0,0.802864,1.010138,1.010138,0.0,0.0
within,hd,svm,lac,0.05,0.939367,0.048,1.0,27.0,0.933215,1.294335,1.294335,0.0,0.0
within,hd,svm,lac,0.1,0.894408,0.012,1.0,27.0,0.886707,1.128581,1.128581,0.0,0.0
within,hd,svm,lac,0.2,0.816288,0.0,1.0,27.0,0.804152,0.936756,1.011104,0.074348,0.0
within,hd,svm,hard_label_consensus_curve,1.0,1.0,,,,,,,,
within,hd,svm,hard_label_consensus_curve,10.0,0.972222,,,,,,,,
within,hd,svm,hard_label_consensus_curve,25.0,0.937778,,,,,,,,
within,hd,svm,hard_label_consensus_curve,3.0,0.993333,,,,,,,,
within,hd,svm,hard_label_consensus_curve,5.0,0.98463,,,,,,,,
within,hd,svm,hard_label_consensus_curve,50.0,0.899815,,,,,,,,
within,hd,xgb,aps,0.05,0.962963,0.0,1.0,27.0,0.959768,0.976666,1.0,0.023334,0.0
within,hd,xgb,aps,0.1,0.962963,0.0,1.0,27.0,0.959768,0.919054,1.0,0.080946,0.0
within,hd,xgb,aps,0.2,0.962963,0.0,1.0,27.0,0.959768,0.8159,1.0,0.1841,0.0
within,hd,xgb,lac,0.05,0.962963,0.0,1.0,27.0,0.959768,0.962343,1.0,0.037657,0.0
within,hd,xgb,lac,0.1,0.962963,0.0,1.0,27.0,0.959768,0.920663,1.0,0.079337,0.0
within,hd,xgb,lac,0.2,0.962963,0.0,1.0,27.0,0.959768,0.839717,1.0,0.160283,0.0
within,hd,xgb,hard_label_consensus_curve,1.0,1.0,,,,,,,,
within,hd,xgb,hard_label_consensus_curve,10.0,1.0,,,,,,,,
within,hd,xgb,hard_label_consensus_curve,25.0,1.0,,,,,,,,
within,hd,xgb,hard_label_consensus_curve,3.0,1.0,,,,,,,,
within,hd,xgb,hard_label_consensus_curve,5.0,1.0,,,,,,,,
within,hd,xgb,hard_label_consensus_curve,50.0,1.0,,,,,,,,
within,pd,dt,aps,0.05,1.0,1.0,1.0,23.0,1.0,2.0,2.0,0.0,0.0
within,pd,dt,aps,0.1,1.0,1.0,1.0,23.0,1.0,2.0,2.0,0.0,0.0
within,pd,dt,aps,0.2,1.0,1.0,1.0,23.0,1.0,2.0,2.0,0.0,0.0
within,pd,dt,lac,0.05,0.956522,0.0,1.0,23.0,0.951571,1.951571,1.951571,0.0,0.0
within,pd,dt,lac,0.1,0.909534,0.0,1.0,23.0,0.910434,0.99439,1.0,0.00561,0.0
within,pd,dt,lac,0.2,0.909534,0.0,1.0,23.0,0.910434,0.99439,1.0,0.00561,0.0
within,pd,dt,hard_label_consensus_curve,1.0,1.0,,,,,,,,
within,pd,dt,hard_label_consensus_curve,10.0,0.974565,,,,,,,,
within,pd,dt,hard_label_consensus_curve,25.0,0.961304,,,,,,,,
within,pd,dt,hard_label_consensus_curve,3.0,0.990435,,,,,,,,
within,pd,dt,hard_label_consensus_curve,5.0,0.984348,,,,,,,,
within,pd,dt,hard_label_consensus_curve,50.0,0.956957,,,,,,,,
within,pd,knn,aps,0.05,1.0,1.0,1.0,23.0,1.0,1.999626,1.999626,0.0,0.0
within,pd,knn,aps,0.1,1.0,1.0,1.0,23.0,1.0,1.999626,1.999626,0.0,0.0
within,pd,knn,aps,0.2,1.0,1.0,1.0,23.0,1.0,1.999626,1.999626,0.0,0.0
within,pd,knn,lac,0.05,0.949922,0.704036,1.0,23.0,0.948392,1.159499,1.159499,0.0,0.0
within,pd,knn,lac,0.1,0.886326,0.371287,1.0,23.0,0.885378,1.005797,1.008601,0.002805,0.0
within,pd,knn,lac,0.2,0.884125,0.371287,1.0,23.0,0.883134,0.842558,1.0,0.157442,0.0
within,pd,knn,hard_label_consensus_curve,1.0,1.0,,,,,,,,
within,pd,knn,hard_label_consensus_curve,10.0,0.718696,,,,,,,,
within,pd,knn,hard_label_consensus_curve,25.0,0.670435,,,,,,,,
within,pd,knn,hard_label_consensus_curve,3.0,0.81913,,,,,,,,
within,pd,knn,hard_label_consensus_curve,5.0,0.763043,,,,,,,,
within,pd,knn,hard_label_consensus_curve,50.0,0.623696,,,,,,,,
within,pd,lgbm,aps,0.05,0.956522,0.0,1.0,23.0,0.951571,1.903141,1.951571,0.048429,0.0
within,pd,lgbm,aps,0.1,0.909339,0.0,1.0,23.0,0.910247,0.873224,1.0,0.126776,0.0
within,pd,lgbm,aps,0.2,0.909339,0.0,1.0,23.0,0.910247,0.786649,1.0,0.213351,0.0
within,pd,lgbm,lac,0.05,0.913043,0.0,1.0,23.0,0.9138,1.9138,1.9138,0.0,0.0
within,pd,lgbm,lac,0.1,0.909339,0.0,1.0,23.0,0.910247,0.981862,1.0,0.018138,0.0
within,pd,lgbm,lac,0.2,0.909339,0.0,1.0,23.0,0.910247,0.872476,1.0,0.127524,0.0
within,pd,lgbm,hard_label_consensus_curve,1.0,1.0,,,,,,,,
within,pd,lgbm,hard_label_consensus_curve,10.0,0.974348,,,,,,,,
within,pd,lgbm,hard_label_consensus_curve,25.0,0.96087,,,,,,,,
within,pd,lgbm,hard_label_consensus_curve,3.0,0.991087,,,,,,,,
within,pd,lgbm,hard_label_consensus_curve,5.0,0.984348,,,,,,,,
within,pd,lgbm,hard_label_consensus_curve,50.0,0.957609,,,,,,,,
within,pd,qda,aps,0.05,0.995837,0.964126,1.0,23.0,0.995886,1.959237,1.959237,0.0,0.0
within,pd,qda,aps,0.1,0.995837,0.964126,1.0,23.0,0.995886,1.959237,1.959237,0.0,0.0
within,pd,qda,aps,0.2,0.845592,0.0,1.0,23.0,0.842932,0.939791,1.0,0.060209,0.0
within,pd,qda,lac,0.05,0.926086,0.020408,1.0,23.0,0.925019,1.233732,1.233732,0.0,0.0
within,pd,qda,lac,0.1,0.895447,0.008163,1.0,23.0,0.894727,1.099289,1.099289,0.0,0.0
within,pd,qda,lac,0.2,0.845592,0.0,1.0,23.0,0.842932,0.864248,1.0,0.135752,0.0
within,pd,qda,hard_label_consensus_curve,1.0,1.0,,,,,,,,
within,pd,qda,hard_label_consensus_curve,10.0,0.799565,,,,,,,,
within,pd,qda,hard_label_consensus_curve,25.0,0.752826,,,,,,,,
within,pd,qda,hard_label_consensus_curve,3.0,0.892174,,,,,,,,
within,pd,qda,hard_label_consensus_curve,5.0,0.845,,,,,,,,
within,pd,qda,hard_label_consensus_curve,50.0,0.718043,,,,,,,,
within,pd,rf,aps,0.05,0.998489,0.965251,1.0,23.0,0.998317,1.967838,1.967838,0.0,0.0
within,pd,rf,aps,0.1,0.998489,0.965251,1.0,23.0,0.998317,1.967838,1.967838,0.0,0.0
within,pd,rf,aps,0.2,0.998489,0.965251,1.0,23.0,0.998317,1.967838,1.967838,0.0,0.0
within,pd,rf,lac,0.05,0.913043,0.0,1.0,23.0,0.9138,1.230927,1.230927,0.0,0.0
within,pd,rf,lac,0.1,0.906997,0.0,1.0,23.0,0.907816,0.967464,1.0,0.032536,0.0
within,pd,rf,lac,0.2,0.906997,0.0,1.0,23.0,0.907816,0.876589,1.0,0.123411,0.0
within,pd,rf,hard_label_consensus_curve,1.0,1.0,,,,,,,,
within,pd,rf,hard_label_consensus_curve,10.0,0.95913,,,,,,,,
within,pd,rf,hard_label_consensus_curve,25.0,0.92913,,,,,,,,
within,pd,rf,hard_label_consensus_curve,3.0,0.986522,,,,,,,,
within,pd,rf,hard_label_consensus_curve,5.0,0.973043,,,,,,,,
within,pd,rf,hard_label_consensus_curve,50.0,0.917609,,,,,,,,
within,pd,svm,aps,0.05,0.976978,0.787129,1.0,23.0,0.977188,1.819372,1.819372,0.0,0.0
within,pd,svm,aps,0.1,0.945035,0.195918,1.0,23.0,0.94353,1.785714,1.785714,0.0,0.0
within,pd,svm,aps,0.2,0.833941,0.0,1.0,23.0,0.830965,0.964099,1.0,0.035901,0.0
within,pd,svm,lac,0.05,0.935706,0.0,1.0,23.0,0.931002,1.622476,1.622476,0.0,0.0
within,pd,svm,lac,0.1,0.882382,0.0,1.0,23.0,0.881638,1.185116,1.185116,0.0,0.0
within,pd,svm,lac,0.2,0.833941,0.0,1.0,23.0,0.830965,0.924832,1.0,0.075168,0.0
within,pd,svm,hard_label_consensus_curve,1.0,1.0,,,,,,,,
within,pd,svm,hard_label_consensus_curve,10.0,0.800217,,,,,,,,
within,pd,svm,hard_label_consensus_curve,25.0,0.743478,,,,,,,,
within,pd,svm,hard_label_consensus_curve,3.0,0.895,,,,,,,,
within,pd,svm,hard_label_consensus_curve,5.0,0.851522,,,,,,,,
within,pd,svm,hard_label_consensus_curve,50.0,0.709783,,,,,,,,
within,pd,xgb,aps,0.05,0.972848,0.37551,1.0,23.0,0.971391,1.858826,1.858826,0.0,0.0
within,pd,xgb,aps,0.1,0.904855,0.0,1.0,23.0,0.897906,1.717838,1.766268,0.048429,0.0
within,pd,xgb,aps,0.2,0.861376,0.0,1.0,23.0,0.860135,0.883508,1.0,0.116492,0.0
within,pd,xgb,lac,0.05,0.956522,0.0,1.0,23.0,0.951571,1.951571,1.951571,0.0,0.0
within,pd,xgb,lac,0.1,0.868785,0.0,1.0,23.0,0.86724,1.206619,1.206619,0.0,0.0
within,pd,xgb,lac,0.2,0.861376,0.0,1.0,23.0,0.860135,0.93362,1.0,0.06638,0.0
within,pd,xgb,hard_label_consensus_curve,1.0,1.0,,,,,,,,
within,pd,xgb,hard_label_consensus_curve,10.0,0.961957,,,,,,,,
within,pd,xgb,hard_label_consensus_curve,25.0,0.956522,,,,,,,,
within,pd,xgb,hard_label_consensus_curve,3.0,0.981087,,,,,,,,
within,pd,xgb,hard_label_consensus_curve,5.0,0.97,,,,,,,,
within,pd,xgb,hard_label_consensus_curve,50.0,0.956522,,,,,,,,
