scope,domain,classifier,variant,sigma,mean_f1,std_f1
within,pd,rf,direct,0.0,0.899398,0.0
within,pd,rf,direct,0.05,0.8814408999999999,0.001715874007712941
within,pd,rf,direct,0.1,0.8750410666666666,0.0021988423589562453
within,pd,rf,direct,0.15,0.8614944666666665,0.0033323042326370155
within,pd,rf,direct,0.2,0.8422154000000001,0.004785543975853481
within,pd,rf,direct,0.25,0.8236092999999999,0.005779940568540652
within,pd,rf,direct,0.5,0.7481993333333332,0.005357487286311416
within,pd,knn,direct,0.0,0.875902,0.0
within,pd,knn,direct,0.05,0.8746982333333334,0.0015427656912703608
within,pd,knn,direct,0.1,0.8718535666666668,0.0019204055010610976
within,pd,knn,direct,0.15,0.8694666666666666,0.0023573531670123054
within,pd,knn,direct,0.2,0.8631195666666668,0.0032202486912245366
within,pd,knn,direct,0.25,0.8538737333333334,0.0031072999359498675
within,pd,knn,direct,0.5,0.7958820333333334,0.004065515953033255
within,pd,svm,direct,0.0,0.84398,0.0
within,pd,svm,direct,0.05,0.8412328,0.001412027068217636
within,pd,svm,direct,0.1,0.8360097999999999,0.002160495383806283
within,pd,svm,direct,0.15,0.8314823,0.0018809344000366985
within,pd,svm,direct,0.2,0.8262843000000001,0.002968083500428728
within,pd,svm,direct,0.25,0.8193422333333333,0.0018803259013804676
within,pd,svm,direct,0.5,0.7771728333333334,0.004097756359053203
within,pd,dt,direct,0.0,0.902162,0.0
within,pd,dt,direct,0.05,0.8946562666666668,0.0017604563266837622
within,pd,dt,direct,0.1,0.8814613333333334,0.0033050970493689238
within,pd,dt,direct,0.15,0.8550459666666667,0.004218484549622332
within,pd,dt,direct,0.2,0.8275804333333333,0.0037167649233442626
within,pd,dt,direct,0.25,0.8024733000000002,0.005406121097486593
within,pd,dt,direct,0.5,0.7148316,0.004870620838427492
within,pd,qda,direct,0.0,0.835888,0.0
within,pd,qda,direct,0.05,0.8375364333333333,0.0013627269487251
within,pd,qda,direct,0.1,0.8411763000000002,0.001800952088240529
within,pd,qda,direct,0.15,0.8408805333333333,0.002344853494921097
within,pd,qda,direct,0.2,0.8357732666666668,0.003041799557355219
within,pd,qda,direct,0.25,0.8292588999999999,0.002961260919107682
within,pd,qda,direct,0.5,0.7427125000000001,0.006392175048043321
within,pd,xgb,direct,0.0,0.850855,0.0
within,pd,xgb,direct,0.05,0.8624324,0.0015416075040527463
within,pd,xgb,direct,0.1,0.8562688333333334,0.003018006250802856
within,pd,xgb,direct,0.15,0.8356089666666667,0.0034625147875529593
within,pd,xgb,direct,0.2,0.8148985,0.005042323436465665
within,pd,xgb,direct,0.25,0.7970430666666667,0.005112221198423359
within,pd,xgb,direct,0.5,0.7267429666666665,0.005272512765363351
within,pd,lgbm,direct,0.0,0.901946,0.0
within,pd,lgbm,direct,0.05,0.8951147333333334,0.0012204278767296488
within,pd,lgbm,direct,0.1,0.8844398666666665,0.0032933687682490283
within,pd,lgbm,direct,0.15,0.8602427,0.003550226162295613
within,pd,lgbm,direct,0.2,0.8356393000000001,0.0050669234571571724
within,pd,lgbm,direct,0.25,0.8122547333333332,0.004433810550238055
within,pd,lgbm,direct,0.5,0.7336843999999999,0.006716294311803103
within,hd,rf,direct,0.0,0.90435,0.0
within,hd,rf,direct,0.05,0.9025667333333334,0.0029163407271410556
within,hd,rf,direct,0.1,0.8681978333333332,0.0046280652402290205
within,hd,rf,direct,0.15,0.8399929,0.005235118938476942
within,hd,rf,direct,0.2,0.8128612333333332,0.004783813070700223
within,hd,rf,direct,0.25,0.7929596999999998,0.0054381863048452925
within,hd,rf,direct,0.5,0.7273307000000001,0.005404629096017343
within,hd,knn,direct,0.0,0.752501,0.0
within,hd,knn,direct,0.05,0.7502467333333332,0.0020878175361769033
within,hd,knn,direct,0.1,0.7434259333333333,0.00317583855810185
within,hd,knn,direct,0.15,0.7340308333333334,0.004054774155735808
within,hd,knn,direct,0.2,0.7232597666666666,0.004249945319594148
within,hd,knn,direct,0.25,0.7130326333333333,0.004132979241738781
within,hd,knn,direct,0.5,0.6784508666666667,0.005057187706507495
within,hd,svm,direct,0.0,0.854348,0.0
within,hd,svm,direct,0.05,0.8426181666666667,0.0031023787101060905
within,hd,svm,direct,0.1,0.8112996000000001,0.003800286773208138
within,hd,svm,direct,0.15,0.7806418,0.0047417417024141805
within,hd,svm,direct,0.2,0.7565131333333333,0.004687606180743759
within,hd,svm,direct,0.25,0.7355114666666668,0.005092991253933559
within,hd,svm,direct,0.5,0.6791147666666668,0.006712693090696532
within,hd,dt,direct,0.0,0.90435,0.0
within,hd,dt,direct,0.05,0.9020319666666666,0.003679341409239853
within,hd,dt,direct,0.1,0.8657781666666666,0.003986865583156891
within,hd,dt,direct,0.15,0.8329151333333334,0.005569200869643403
within,hd,dt,direct,0.2,0.8068855666666666,0.004502771511914167
within,hd,dt,direct,0.25,0.7825230666666666,0.005051841138827899
within,hd,dt,direct,0.5,0.7092183333333334,0.00710924610355553
within,hd,qda,direct,0.0,0.873218,0.0
within,hd,qda,direct,0.05,0.8187194333333335,0.003115622456027974
within,hd,qda,direct,0.1,0.6214953666666665,0.006462103834229835
within,hd,qda,direct,0.15,0.48773130000000003,0.005339583085558853
within,hd,qda,direct,0.2,0.4364906333333333,0.0037718575912281884
within,hd,qda,direct,0.25,0.41790446666666664,0.001960512964776687
within,hd,qda,direct,0.5,0.4081333333333333,0.00038048837340825094
within,hd,xgb,direct,0.0,0.954603,0.0
within,hd,xgb,direct,0.05,0.9031225333333334,0.002737079361269052
within,hd,xgb,direct,0.1,0.8645082333333334,0.004093699369749208
within,hd,xgb,direct,0.15,0.8326575000000002,0.003540266303542708
within,hd,xgb,direct,0.2,0.8046819999999999,0.00398928790638128
within,hd,xgb,direct,0.25,0.7804483666666667,0.00643003003952511
within,hd,xgb,direct,0.5,0.7077370333333332,0.005705748531892663
within,hd,lgbm,direct,0.0,0.90435,0.0
within,hd,lgbm,direct,0.05,0.9016631666666667,0.002213156477060307
within,hd,lgbm,direct,0.1,0.8661719666666667,0.00413035936053104
within,hd,lgbm,direct,0.15,0.8342843,0.004196754740888785
within,hd,lgbm,direct,0.2,0.8065286999999999,0.0051372960360552495
within,hd,lgbm,direct,0.25,0.7807706,0.004428527346101906
within,hd,lgbm,direct,0.5,0.7095800666666666,0.006246768317233749
within,als,rf,direct,0.0,0.917688,0.0
within,als,rf,direct,0.05,0.9188601333333334,0.0020560368930899846
within,als,rf,direct,0.1,0.9209440333333333,0.002360664378770391
within,als,rf,direct,0.15,0.9184954333333335,0.003290466434636783
within,als,rf,direct,0.2,0.9091923333333334,0.00325066651344139
within,als,rf,direct,0.25,0.8974590666666666,0.0038886860907822963
within,als,rf,direct,0.5,0.8301491,0.005580122414613229
within,als,knn,direct,0.0,0.938265,0.0
within,als,knn,direct,0.05,0.9388903,0.0011153174636970328
within,als,knn,direct,0.1,0.9371764666666667,0.0018273473846994082
within,als,knn,direct,0.15,0.9348424333333333,0.0017514807859860125
within,als,knn,direct,0.2,0.9322960000000001,0.00222336577721938
within,als,knn,direct,0.25,0.9287413666666665,0.0029782244824418645
within,als,knn,direct,0.5,0.8954005000000002,0.004126271112409296
within,als,svm,direct,0.0,0.935244,0.0
within,als,svm,direct,0.05,0.9346813333333335,0.0007692593093732871
within,als,svm,direct,0.1,0.9331457,0.0008984609503536218
within,als,svm,direct,0.15,0.9309134333333334,0.0011753628547090812
within,als,svm,direct,0.2,0.9268032666666668,0.0015105339985977057
within,als,svm,direct,0.25,0.9224831666666666,0.0017253139660969516
within,als,svm,direct,0.5,0.8914653666666665,0.0032874350077050953
within,als,dt,direct,0.0,0.838105,0.0
within,als,dt,direct,0.05,0.8187018333333334,0.0027772119619519837
within,als,dt,direct,0.1,0.8031305666666666,0.003566518186994281
within,als,dt,direct,0.15,0.7880867333333333,0.0039063486958198414
within,als,dt,direct,0.2,0.7725489666666667,0.004272113831004212
within,als,dt,direct,0.25,0.7555870666666669,0.004644452812381322
within,als,dt,direct,0.5,0.6936290666666666,0.006293559482591674
within,als,qda,direct,0.0,0.964236,0.0
within,als,qda,direct,0.05,0.9605706666666668,0.0017347264781581583
within,als,qda,direct,0.1,0.9485615333333333,0.001751313747927005
within,als,qda,direct,0.15,0.9316502333333332,0.0031486520124336284
within,als,qda,direct,0.2,0.9100005000000001,0.003217037368610206
within,als,qda,direct,0.25,0.8853193999999999,0.0039135522676622255
within,als,qda,direct,0.5,0.7322101666666666,0.005413086588956442
within,als,xgb,direct,0.0,0.822365,0.0
within,als,xgb,direct,0.05,0.8199916666666666,0.0015675777566004578
within,als,xgb,direct,0.1,0.8182074666666668,0.0028890189927084035
within,als,xgb,direct,0.15,0.8157690333333334,0.0025984116697989027
within,als,xgb,direct,0.2,0.8116160666666665,0.003105408007324323
within,als,xgb,direct,0.25,0.8082475666666669,0.0039054060558307503
within,als,xgb,direct,0.5,0.7790372333333335,0.005049112565817766
within,als,lgbm,direct,0.0,0.782201,0.0
within,als,lgbm,direct,0.05,0.7819889666666667,0.001872366868032478
within,als,lgbm,direct,0.1,0.7775930666666666,0.002887256530214167
within,als,lgbm,direct,0.15,0.7750502000000001,0.002988290024238867
within,als,lgbm,direct,0.2,0.7699302666666668,0.004050227128014649
within,als,lgbm,direct,0.25,0.7647000666666666,0.004828759481826922
within,als,lgbm,direct,0.5,0.7225722999999998,0.004768469668128551
cross,pd_to_hd,rf,pooled_relative,0.0,0.806739,0.0
cross,pd_to_hd,rf,pooled_relative,0.05,0.8106209000000001,0.0040597977387192945
cross,pd_to_hd,rf,pooled_relative,0.1,0.8124172666666668,0.004250686004945984
cross,pd_to_hd,rf,pooled_relative,0.15,0.7989638333333333,0.0034959722941707103
cross,pd_to_hd,rf,pooled_relative,0.2,0.7811095333333332,0.004720296277473112
cross,pd_to_hd,rf,pooled_relative,0.25,0.7609294333333332,0.006065551432891928
cross,pd_to_hd,rf,pooled_relative,0.5,0.7038303666666667,0.006323249156517745
cross,pd_to_hd,knn,pooled_relative,0.0,0.761634,0.0
cross,pd_to_hd,knn,pooled_relative,0.05,0.7660203,0.003258028038553383
cross,pd_to_hd,knn,pooled_relative,0.1,0.7634573666666665,0.002200110819831625
cross,pd_to_hd,knn,pooled_relative,0.15,0.7565991666666665,0.003458016454392695
cross,pd_to_hd,knn,pooled_relative,0.2,0.7459095666666667,0.005150555937073149
cross,pd_to_hd,knn,pooled_relative,0.25,0.7353155333333333,0.005298210847871737
cross,pd_to_hd,knn,pooled_relative,0.5,0.6899002333333334,0.0042670948502370395
cross,pd_to_hd,svm,pooled_relative,0.0,0.804983,0.0
cross,pd_to_hd,svm,pooled_relative,0.05,0.8035717333333333,0.0018631577557975262
cross,pd_to_hd,svm,pooled_relative,0.1,0.8018367000000001,0.0030180571182410526
cross,pd_to_hd,svm,pooled_relative,0.15,0.7974892000000001,0.004281888492484231
cross,pd_to_hd,svm,pooled_relative,0.2,0.7887847666666669,0.0042275923178266735
cross,pd_to_hd,svm,pooled_relative,0.25,0.7775545333333332,0.0038846559935862787
cross,pd_to_hd,svm,pooled_relative,0.5,0.7337905333333334,0.005335330411726986
cross,pd_to_hd,dt,pooled_relative,0.0,0.808212,0.0
cross,pd_to_hd,dt,pooled_relative,0.05,0.8098127,0.003438109476000652
cross,pd_to_hd,dt,pooled_relative,0.1,0.8068387666666667,0.0027611184350990236
cross,pd_to_hd,dt,pooled_relative,0.15,0.7906759666666667,0.0036613532968518252
cross,pd_to_hd,dt,pooled_relative,0.2,0.7674139000000001,0.004499827984068602
cross,pd_to_hd,dt,pooled_relative,0.25,0.7466020000000001,0.005227382162790664
cross,pd_to_hd,dt,pooled_relative,0.5,0.6824801666666666,0.006056736426796048
cross,pd_to_hd,qda,pooled_relative,0.0,0.853409,0.0
cross,pd_to_hd,qda,pooled_relative,0.05,0.8374455,0.0019036306464046584
cross,pd_to_hd,qda,pooled_relative,0.1,0.8130703,0.0033504624812003315
cross,pd_to_hd,qda,pooled_relative,0.15,0.7820600666666666,0.00515960968139721
cross,pd_to_hd,qda,pooled_relative,0.2,0.7412550333333334,0.0055178357669085016
cross,pd_to_hd,qda,pooled_relative,0.25,0.6955363333333335,0.005822894648879879
cross,pd_to_hd,qda,pooled_relative,0.5,0.5149014,0.005001402359200935
cross,pd_to_hd,xgb,pooled_relative,0.0,0.809681,0.0
cross,pd_to_hd,xgb,pooled_relative,0.05,0.8210794,0.003101565629117669
cross,pd_to_hd,xgb,pooled_relative,0.1,0.8129422000000001,0.004265468938928701
cross,pd_to_hd,xgb,pooled_relative,0.15,0.7946297,0.004708552403285188
cross,pd_to_hd,xgb,pooled_relative,0.2,0.7740349333333333,0.004389672644564375
cross,pd_to_hd,xgb,pooled_relative,0.25,0.7550394666666667,0.004964998258383099
cross,pd_to_hd,xgb,pooled_relative,0.5,0.6905076999999997,0.007039160545317785
cross,pd_to_hd,lgbm,pooled_relative,0.0,0.809436,0.0
cross,pd_to_hd,lgbm,pooled_relative,0.05,0.8109851666666666,0.0025036729857431978
cross,pd_to_hd,lgbm,pooled_relative,0.1,0.8065950999999998,0.002979577270988803
cross,pd_to_hd,lgbm,pooled_relative,0.15,0.7869701333333333,0.005528334411097035
cross,pd_to_hd,lgbm,pooled_relative,0.2,0.7688075666666666,0.0047670665358762665
cross,pd_to_hd,lgbm,pooled_relative,0.25,0.7478223666666667,0.006128570612913855
cross,pd_to_hd,lgbm,pooled_relative,0.5,0.6848414333333334,0.005097748249917828
cross,pd_to_hd,rf,source_relative,0.0,0.806739,0.0
cross,pd_to_hd,rf,source_relative,0.05,0.8030356333333333,0.0028504818404944277
cross,pd_to_hd,rf,source_relative,0.1,0.8100889999999998,0.0028985865758902295
cross,pd_to_hd,rf,source_relative,0.15,0.8127741999999999,0.0024248978421425467
cross,pd_to_hd,rf,source_relative,0.2,0.8132012,0.0035747946398697336
cross,pd_to_hd,rf,source_relative,0.25,0.8074396000000001,0.0035599973130559437
cross,pd_to_hd,rf,source_relative,0.5,0.7626032333333336,0.00609508865417878
cross,pd_to_hd,knn,source_relative,0.0,0.761634,0.0
cross,pd_to_hd,knn,source_relative,0.05,0.7656559333333335,0.0017119237401105358
cross,pd_to_hd,knn,source_relative,0.1,0.7696394000000002,0.0029870627667348787
cross,pd_to_hd,knn,source_relative,0.15,0.7700186333333333,0.003463948061282732
cross,pd_to_hd,knn,source_relative,0.2,0.7685254999999999,0.003671018215887699
cross,pd_to_hd,knn,source_relative,0.25,0.7654393666666669,0.004499261368371426
cross,pd_to_hd,knn,source_relative,0.5,0.7374234333333334,0.004723441824328536
cross,pd_to_hd,svm,source_relative,0.0,0.804983,0.0
cross,pd_to_hd,svm,source_relative,0.05,0.8047509999999999,0.0015911312826478786
cross,pd_to_hd,svm,source_relative,0.1,0.8045697666666666,0.002251836563606557
cross,pd_to_hd,svm,source_relative,0.15,0.8041414333333333,0.003074834727078927
cross,pd_to_hd,svm,source_relative,0.2,0.8025551,0.002745801262994478
cross,pd_to_hd,svm,source_relative,0.25,0.7999829666666668,0.0027608290669256627
cross,pd_to_hd,svm,source_relative,0.5,0.7792523666666665,0.005199545931656184
cross,pd_to_hd,dt,source_relative,0.0,0.808212,0.0
cross,pd_to_hd,dt,source_relative,0.05,0.8031815000000001,0.0024426932105136886
cross,pd_to_hd,dt,source_relative,0.1,0.8098151666666669,0.002303011058762336
cross,pd_to_hd,dt,source_relative,0.15,0.8124924000000001,0.003704216065791636
cross,pd_to_hd,dt,source_relative,0.2,0.8084261666666666,0.003827895488099957
cross,pd_to_hd,dt,source_relative,0.25,0.8005544,0.004046781041766406
cross,pd_to_hd,dt,source_relative,0.5,0.7511136333333331,0.005560149418008001
cross,pd_to_hd,qda,source_relative,0.0,0.853409,0.0
cross,pd_to_hd,qda,source_relative,0.05,0.8472976666666666,0.001591503482036194
cross,pd_to_hd,qda,source_relative,0.1,0.8381066333333334,0.002178196034421097
cross,pd_to_hd,qda,source_relative,0.15,0.8263472666666666,0.0026170250408369873
cross,pd_to_hd,qda,source_relative,0.2,0.8124176999999998,0.002883127434479483
cross,pd_to_hd,qda,source_relative,0.25,0.7969672,0.004133551402849618
cross,pd_to_hd,qda,source_relative,0.5,0.6866679666666666,0.0058449017659857275
cross,pd_to_hd,xgb,source_relative,0.0,0.809681,0.0
cross,pd_to_hd,xgb,source_relative,0.05,0.8279679333333334,0.0021705659826546327
cross,pd_to_hd,xgb,source_relative,0.1,0.8210856333333332,0.003141460427817002
cross,pd_to_hd,xgb,source_relative,0.15,0.8176243,0.003265578357710131
cross,pd_to_hd,xgb,source_relative,0.2,0.8131871666666668,0.003496633633134562
cross,pd_to_hd,xgb,source_relative,0.25,0.8076801333333333,0.0034194505883894245
cross,pd_to_hd,xgb,source_relative,0.5,0.7555150000000002,0.0056736708849161235
cross,pd_to_hd,lgbm,source_relative,0.0,0.809436,0.0
cross,pd_to_hd,lgbm,source_relative,0.05,0.8037994000000002,0.0018484370210233372
cross,pd_to_hd,lgbm,source_relative,0.1,0.8104031999999999,0.003307864801473538
cross,pd_to_hd,lgbm,source_relative,0.15,0.8111764,0.0031248418067546064
cross,pd_to_hd,lgbm,source_relative,0.2,0.8089288000000001,0.0037204389933780937
cross,pd_to_hd,lgbm,source_relative,0.25,0.801462,0.0047761101616129
cross,pd_to_hd,lgbm,source_relative,0.5,0.7478066666666667,0.005714057452871179
cross,pd_to_hd,rf,target_relative,0.0,0.806739,0.0
cross,pd_to_hd,rf,target_relative,0.05,0.8123003,0.004151867341828
cross,pd_to_hd,rf,target_relative,0.1,0.8080163666666667,0.004235010332465778
cross,pd_to_hd,rf,target_relative,0.15,0.7870364,0.004235053210592722
cross,pd_to_hd,rf,target_relative,0.2,0.7650291333333333,0.005032315911176987
cross,pd_to_hd,rf,target_relative,0.25,0.7441514666666666,0.005882483206203343
cross,pd_to_hd,rf,target_relative,0.5,0.6876585,0.0060537321161811255
cross,pd_to_hd,knn,target_relative,0.0,0.761634,0.0
cross,pd_to_hd,knn,target_relative,0.05,0.765393,0.0031482140202409117
cross,pd_to_hd,knn,target_relative,0.1,0.7603439333333335,0.0030448873251712415
cross,pd_to_hd,knn,target_relative,0.15,0.7481834666666668,0.004061132479505194
cross,pd_to_hd,knn,target_relative,0.2,0.7353076000000002,0.005056044396356808
cross,pd_to_hd,knn,target_relative,0.25,0.7220853666666669,0.005838986623717678
cross,pd_to_hd,knn,target_relative,0.5,0.6737811333333332,0.004271915638561762
cross,pd_to_hd,svm,target_relative,0.0,0.804983,0.0
cross,pd_to_hd,svm,target_relative,0.05,0.8032376333333332,0.0021630765204526036
cross,pd_to_hd,svm,target_relative,0.1,0.7999482666666666,0.0035584316860616865
cross,pd_to_hd,svm,target_relative,0.15,0.7920669333333332,0.004100314083287912
cross,pd_to_hd,svm,target_relative,0.2,0.7803417000000002,0.004665354332183955
cross,pd_to_hd,svm,target_relative,0.25,0.7663361333333331,0.004137505059760084
cross,pd_to_hd,svm,target_relative,0.5,0.7203799666666667,0.0061293986287869005
cross,pd_to_hd,dt,target_relative,0.0,0.808212,0.0
cross,pd_to_hd,dt,target_relative,0.05,0.8105472999999999,0.003667759375685794
cross,pd_to_hd,dt,target_relative,0.1,0.7995966,0.0033657225652461145
cross,pd_to_hd,dt,target_relative,0.15,0.7763582666666665,0.004098732040549852
cross,pd_to_hd,dt,target_relative,0.2,0.7485639333333333,0.005306842635129009
cross,pd_to_hd,dt,target_relative,0.25,0.7271417333333333,0.005527648074613804
cross,pd_to_hd,dt,target_relative,0.5,0.6622539,0.005306855003119825
cross,pd_to_hd,qda,target_relative,0.0,0.853409,0.0
cross,pd_to_hd,qda,target_relative,0.05,0.8326962000000001,0.002189293105878764
cross,pd_to_hd,qda,target_relative,0.1,0.8000015,0.0038436707558413886
cross,pd_to_hd,qda,target_relative,0.15,0.7558483,0.005647720682443197
cross,pd_to_hd,qda,target_relative,0.2,0.7025306666666665,0.005872728504873521
cross,pd_to_hd,qda,target_relative,0.25,0.6479520333333333,0.006807969743861476
cross,pd_to_hd,qda,target_relative,0.5,0.4735145333333334,0.004855336827218801
cross,pd_to_hd,xgb,target_relative,0.0,0.809681,0.0
cross,pd_to_hd,xgb,target_relative,0.05,0.8197103,0.0035596124658305904
cross,pd_to_hd,xgb,target_relative,0.1,0.8063545666666666,0.004708657240938619
cross,pd_to_hd,xgb,target_relative,0.15,0.7801165333333333,0.0051098218926605155
cross,pd_to_hd,xgb,target_relative,0.2,0.7565411000000001,0.00496168551971523
cross,pd_to_hd,xgb,target_relative,0.25,0.7361584333333333,0.005425040859107744
cross,pd_to_hd,xgb,target_relative,0.5,0.6732657,0.007597223386393121
cross,pd_to_hd,lgbm,target_relative,0.0,0.809436,0.0
cross,pd_to_hd,lgbm,target_relative,0.05,0.8120480666666666,0.003061784029561554
cross,pd_to_hd,lgbm,target_relative,0.1,0.7997105,0.003738537504481369
cross,pd_to_hd,lgbm,target_relative,0.15,0.7724140333333334,0.004884027884662514
cross,pd_to_hd,lgbm,target_relative,0.2,0.7504540333333334,0.004869386079574509
cross,pd_to_hd,lgbm,target_relative,0.25,0.7292090666666665,0.006378941161370741
cross,pd_to_hd,lgbm,target_relative,0.5,0.6672662999999999,0.004922645925404
cross,hd_to_pd,rf,pooled_relative,0.0,0.74745,0.0
cross,hd_to_pd,rf,pooled_relative,0.05,0.7841989333333333,0.0032339345091073435
cross,hd_to_pd,rf,pooled_relative,0.1,0.7883141000000001,0.003801969402097129
cross,hd_to_pd,rf,pooled_relative,0.15,0.7649248333333333,0.004752252715062213
cross,hd_to_pd,rf,pooled_relative,0.2,0.7404828,0.005737871901552047
cross,hd_to_pd,rf,pooled_relative,0.25,0.7223074333333336,0.005540638390227646
cross,hd_to_pd,rf,pooled_relative,0.5,0.6561662333333335,0.0063591007046015745
cross,hd_to_pd,knn,pooled_relative,0.0,0.603957,0.0
cross,hd_to_pd,knn,pooled_relative,0.05,0.6063952666666668,0.002721218564937559
cross,hd_to_pd,knn,pooled_relative,0.1,0.6113645666666668,0.004917553833187682
cross,hd_to_pd,knn,pooled_relative,0.15,0.6134115333333334,0.00444720428051644
cross,hd_to_pd,knn,pooled_relative,0.2,0.6147175333333333,0.0047653668074131945
cross,hd_to_pd,knn,pooled_relative,0.25,0.6171962000000001,0.005407021771861028
cross,hd_to_pd,knn,pooled_relative,0.5,0.5961948333333333,0.005531931520777772
cross,hd_to_pd,svm,pooled_relative,0.0,0.624807,0.0
cross,hd_to_pd,svm,pooled_relative,0.05,0.6199528000000001,0.0037752361369396744
cross,hd_to_pd,svm,pooled_relative,0.1,0.6100365000000001,0.006402550767279098
cross,hd_to_pd,svm,pooled_relative,0.15,0.6014229666666667,0.005751826609319696
cross,hd_to_pd,svm,pooled_relative,0.2,0.5906525666666667,0.0052651756147371765
cross,hd_to_pd,svm,pooled_relative,0.25,0.5843924666666667,0.005212217621448028
cross,hd_to_pd,svm,pooled_relative,0.5,0.5620995999999999,0.00686964864633833
cross,hd_to_pd,dt,pooled_relative,0.0,0.74745,0.0
cross,hd_to_pd,dt,pooled_relative,0.05,0.7798507000000001,0.003003576731624918
cross,hd_to_pd,dt,pooled_relative,0.1,0.7640003333333334,0.004371852210119458
cross,hd_to_pd,dt,pooled_relative,0.15,0.7329072999999998,0.005560159276743664
cross,hd_to_pd,dt,pooled_relative,0.2,0.7036813666666666,0.006507151691545357
cross,hd_to_pd,dt,pooled_relative,0.25,0.682105,0.00573746706098275
cross,hd_to_pd,dt,pooled_relative,0.5,0.6220005333333333,0.008330251446026286
cross,hd_to_pd,qda,pooled_relative,0.0,0.829398,0.0
cross,hd_to_pd,qda,pooled_relative,0.05,0.7906164333333334,0.0032018765476571416
cross,hd_to_pd,qda,pooled_relative,0.1,0.6359522666666668,0.006462352656538581
cross,hd_to_pd,qda,pooled_relative,0.15,0.49957646666666666,0.006587434672755092
cross,hd_to_pd,qda,pooled_relative,0.2,0.4383404333333333,0.004840740308752537
cross,hd_to_pd,qda,pooled_relative,0.25,0.41316319999999995,0.0027590739875845097
cross,hd_to_pd,qda,pooled_relative,0.5,0.39387386666666674,0.0004943258546492484
cross,hd_to_pd,xgb,pooled_relative,0.0,0.74745,0.0
cross,hd_to_pd,xgb,pooled_relative,0.05,0.7802904333333333,0.0037175827953429413
cross,hd_to_pd,xgb,pooled_relative,0.1,0.7640952333333334,0.004223450645795601
cross,hd_to_pd,xgb,pooled_relative,0.15,0.7335043000000001,0.004546240304569982
cross,hd_to_pd,xgb,pooled_relative,0.2,0.7037119000000001,0.005478394940818547
cross,hd_to_pd,xgb,pooled_relative,0.25,0.6831701333333334,0.005036364703820105
cross,hd_to_pd,xgb,pooled_relative,0.5,0.6220472333333333,0.006291692227184122
cross,hd_to_pd,lgbm,pooled_relative,0.0,0.74745,0.0
cross,hd_to_pd,lgbm,pooled_relative,0.05,0.7799758666666665,0.00369970033952736
cross,hd_to_pd,lgbm,pooled_relative,0.1,0.7653199666666668,0.004073352152401167
cross,hd_to_pd,lgbm,pooled_relative,0.15,0.7328435,0.004631971470863847
cross,hd_to_pd,lgbm,pooled_relative,0.2,0.7034427333333334,0.005335438552464676
cross,hd_to_pd,lgbm,pooled_relative,0.25,0.6815440333333332,0.007306405217735134
cross,hd_to_pd,lgbm,pooled_relative,0.5,0.6203939999999999,0.005299682976855532
cross,hd_to_pd,rf,source_relative,0.0,0.74745,0.0
cross,hd_to_pd,rf,source_relative,0.05,0.7884787666666667,0.0036686048807774863
cross,hd_to_pd,rf,source_relative,0.1,0.7787367333333333,0.004403130124349493
cross,hd_to_pd,rf,source_relative,0.15,0.7471906666666666,0.004925558090790022
cross,hd_to_pd,rf,source_relative,0.2,0.7212046666666667,0.006322904746774351
cross,hd_to_pd,rf,source_relative,0.25,0.7037305,0.005858037683388522
cross,hd_to_pd,rf,source_relative,0.5,0.6408225666666667,0.006249047991954209
cross,hd_to_pd,knn,source_relative,0.0,0.603957,0.0
cross,hd_to_pd,knn,source_relative,0.05,0.6070072666666665,0.0029305517890843968
cross,hd_to_pd,knn,source_relative,0.1,0.6127399000000001,0.004912301015361063
cross,hd_to_pd,knn,source_relative,0.15,0.6150944333333331,0.004310393050990006
cross,hd_to_pd,knn,source_relative,0.2,0.6153932666666666,0.004683787076150301
cross,hd_to_pd,knn,source_relative,0.25,0.6165491333333333,0.004971893219740929
cross,hd_to_pd,knn,source_relative,0.5,0.5898242666666668,0.006072317900526736
cross,hd_to_pd,svm,source_relative,0.0,0.624807,0.0
cross,hd_to_pd,svm,source_relative,0.05,0.6190231333333333,0.003997234386451445
cross,hd_to_pd,svm,source_relative,0.1,0.6052583333333333,0.006505899059677503
cross,hd_to_pd,svm,source_relative,0.15,0.5946966,0.0057459842804974915
cross,hd_to_pd,svm,source_relative,0.2,0.5841543333333333,0.005348814830591372
cross,hd_to_pd,svm,source_relative,0.25,0.5773935,0.005384414819483717
cross,hd_to_pd,svm,source_relative,0.5,0.5560539666666666,0.006309293301501195
cross,hd_to_pd,dt,source_relative,0.0,0.74745,0.0
cross,hd_to_pd,dt,source_relative,0.05,0.7798552,0.0034740019891602893
cross,hd_to_pd,dt,source_relative,0.1,0.749421,0.004969521679612421
cross,hd_to_pd,dt,source_relative,0.15,0.7114375999999998,0.0059719955285568865
cross,hd_to_pd,dt,source_relative,0.2,0.6822734666666668,0.007047499232343708
cross,hd_to_pd,dt,source_relative,0.25,0.6616741999999999,0.005716874582593475
cross,hd_to_pd,dt,source_relative,0.5,0.6068738,0.00739093014257433
cross,hd_to_pd,qda,source_relative,0.0,0.829398,0.0
cross,hd_to_pd,qda,source_relative,0.05,0.7750298666666666,0.004033598408312387
cross,hd_to_pd,qda,source_relative,0.1,0.5903766000000001,0.007098084285505342
cross,hd_to_pd,qda,source_relative,0.15,0.46565930000000005,0.00642239314698834
cross,hd_to_pd,qda,source_relative,0.2,0.42018216666666663,0.003730799351191452
cross,hd_to_pd,qda,source_relative,0.25,0.403724,0.002362074059395465
cross,hd_to_pd,qda,source_relative,0.5,0.3935449666666667,0.0003309440502076074
cross,hd_to_pd,xgb,source_relative,0.0,0.74745,0.0
cross,hd_to_pd,xgb,source_relative,0.05,0.7807812666666668,0.003425590066798282
cross,hd_to_pd,xgb,source_relative,0.1,0.7488193333333334,0.005413498189126712
cross,hd_to_pd,xgb,source_relative,0.15,0.7119879,0.005114811341449529
cross,hd_to_pd,xgb,source_relative,0.2,0.6814718,0.006567771707360101
cross,hd_to_pd,xgb,source_relative,0.25,0.6622314333333335,0.005289220519348662
cross,hd_to_pd,xgb,source_relative,0.5,0.6067064333333334,0.0068283481603423285
cross,hd_to_pd,lgbm,source_relative,0.0,0.74745,0.0
cross,hd_to_pd,lgbm,source_relative,0.05,0.7802212333333334,0.0036945728760956376
cross,hd_to_pd,lgbm,source_relative,0.1,0.7497054666666666,0.004755410542727629
cross,hd_to_pd,lgbm,source_relative,0.15,0.7111682000000001,0.00494418378885039
cross,hd_to_pd,lgbm,source_relative,0.2,0.6810582666666668,0.006062669503827805
cross,hd_to_pd,lgbm,source_relative,0.25,0.6613587666666667,0.006778789876154697
cross,hd_to_pd,lgbm,source_relative,0.5,0.6055715,0.005648671670218668
cross,hd_to_pd,rf,target_relative,0.0,0.74745,0.0
cross,hd_to_pd,rf,target_relative,0.05,0.7683634000000001,0.0021610203624437543
cross,hd_to_pd,rf,target_relative,0.1,0.7829204666666667,0.0029336908227824885
cross,hd_to_pd,rf,target_relative,0.15,0.7899758666666669,0.003997915428659376
cross,hd_to_pd,rf,target_relative,0.2,0.7890631666666666,0.004225168897528677
cross,hd_to_pd,rf,target_relative,0.25,0.7807006000000001,0.0037030017329840238
cross,hd_to_pd,rf,target_relative,0.5,0.7208520333333334,0.0060672447162716525
cross,hd_to_pd,knn,target_relative,0.0,0.603957,0.0
cross,hd_to_pd,knn,target_relative,0.05,0.6041384666666666,0.0028470280539941734
cross,hd_to_pd,knn,target_relative,0.1,0.6061699,0.0039891448858984475
cross,hd_to_pd,knn,target_relative,0.15,0.6088794666666667,0.0038084895434146626
cross,hd_to_pd,knn,target_relative,0.2,0.6107039666666665,0.00449195108889862
cross,hd_to_pd,knn,target_relative,0.25,0.6141836999999999,0.005192849501129352
cross,hd_to_pd,knn,target_relative,0.5,0.6074011999999999,0.0057819763975710675
cross,hd_to_pd,svm,target_relative,0.0,0.624807,0.0
cross,hd_to_pd,svm,target_relative,0.05,0.6224899999999999,0.0030759343632295734
cross,hd_to_pd,svm,target_relative,0.1,0.6203790333333333,0.004381168970785614
cross,hd_to_pd,svm,target_relative,0.15,0.6177569,0.004776360289000899
cross,hd_to_pd,svm,target_relative,0.2,0.6128550666666667,0.004695140612879727
cross,hd_to_pd,svm,target_relative,0.25,0.6070591333333334,0.005596888561318345
cross,hd_to_pd,svm,target_relative,0.5,0.5864198,0.005966095138363116
cross,hd_to_pd,dt,target_relative,0.0,0.74745,0.0
cross,hd_to_pd,dt,target_relative,0.05,0.7676683999999999,0.0017199655890703742
cross,hd_to_pd,dt,target_relative,0.1,0.7790069666666668,0.0027825257749939524
cross,hd_to_pd,dt,target_relative,0.15,0.7785732999999999,0.0033272984397099844
cross,hd_to_pd,dt,target_relative,0.2,0.7696241333333333,0.004858677390155601
cross,hd_to_pd,dt,target_relative,0.25,0.7535779999999999,0.005022786003940377
cross,hd_to_pd,dt,target_relative,0.5,0.6902362666666666,0.007719086286527084
cross,hd_to_pd,qda,target_relative,0.0,0.829398,0.0
cross,hd_to_pd,qda,target_relative,0.05,0.8093178333333334,0.002693534417994236
cross,hd_to_pd,qda,target_relative,0.1,0.7108217999999998,0.005544398567551041
cross,hd_to_pd,qda,target_relative,0.15,0.5815219,0.004932217836101587
cross,hd_to_pd,qda,target_relative,0.2,0.4938179,0.006340154693805135
cross,hd_to_pd,qda,target_relative,0.25,0.44803149999999997,0.005544724325413085
cross,hd_to_pd,qda,target_relative,0.5,0.3970221,0.0015933363900081266
cross,hd_to_pd,xgb,target_relative,0.0,0.74745,0.0
cross,hd_to_pd,xgb,target_relative,0.05,0.7680122666666668,0.0023144427486506652
cross,hd_to_pd,xgb,target_relative,0.1,0.7789263666666667,0.0030092269540397776
cross,hd_to_pd,xgb,target_relative,0.15,0.7796322333333333,0.0035511563214733564
cross,hd_to_pd,xgb,target_relative,0.2,0.7693958333333331,0.005140756861513241
cross,hd_to_pd,xgb,target_relative,0.25,0.7562683666666666,0.004681436446834136
cross,hd_to_pd,xgb,target_relative,0.5,0.6905632999999999,0.007215306948091139
cross,hd_to_pd,lgbm,target_relative,0.0,0.74745,0.0
cross,hd_to_pd,lgbm,target_relative,0.05,0.7677557,0.002326930035401831
cross,hd_to_pd,lgbm,target_relative,0.1,0.7791571333333335,0.0020492783546196477
cross,hd_to_pd,lgbm,target_relative,0.15,0.7795192000000003,0.002919037186565427
cross,hd_to_pd,lgbm,target_relative,0.2,0.7690316999999998,0.0035030845339106814
cross,hd_to_pd,lgbm,target_relative,0.25,0.7544007000000001,0.004334645402909618
cross,hd_to_pd,lgbm,target_relative,0.5,0.6877940666666666,0.0056617642061849195
cross,pd_to_als,rf,pooled_relative,0.0,0.671551,0.0
cross,pd_to_als,rf,pooled_relative,0.05,0.6652467000000001,0.0026017340258718533
cross,pd_to_als,rf,pooled_relative,0.1,0.6807579333333333,0.0024916196357380508
cross,pd_to_als,rf,pooled_relative,0.15,0.6940420666666666,0.003021075395803033
cross,pd_to_als,rf,pooled_relative,0.2,0.7044974666666666,0.0038726974091695403
cross,pd_to_als,rf,pooled_relative,0.25,0.7075153,0.004225248567672758
cross,pd_to_als,rf,pooled_relative,0.5,0.6975911666666667,0.007063951883517024
cross,pd_to_als,knn,pooled_relative,0.0,0.788058,0.0
cross,pd_to_als,knn,pooled_relative,0.05,0.7917129000000002,0.0030122206764193575
cross,pd_to_als,knn,pooled_relative,0.1,0.7954735333333336,0.003658433033071853
cross,pd_to_als,knn,pooled_relative,0.15,0.7952336666666665,0.004100447270248936
cross,pd_to_als,knn,pooled_relative,0.2,0.7927945000000001,0.004590122954930435
cross,pd_to_als,knn,pooled_relative,0.25,0.7864191999999999,0.005146575556486146
cross,pd_to_als,knn,pooled_relative,0.5,0.7439267333333334,0.007426179576259282
cross,pd_to_als,svm,pooled_relative,0.0,0.859072,0.0
cross,pd_to_als,svm,pooled_relative,0.05,0.8558330666666668,0.0027224635893620982
cross,pd_to_als,svm,pooled_relative,0.1,0.8494624999999999,0.0025791029414815245
cross,pd_to_als,svm,pooled_relative,0.15,0.8415581000000001,0.0040386575385631725
cross,pd_to_als,svm,pooled_relative,0.2,0.8330971666666668,0.0049362840699801935
cross,pd_to_als,svm,pooled_relative,0.25,0.8246480333333335,0.003941386973479343
cross,pd_to_als,svm,pooled_relative,0.5,0.7875358000000001,0.004240021847699078
cross,pd_to_als,dt,pooled_relative,0.0,0.669252,0.0
cross,pd_to_als,dt,pooled_relative,0.05,0.6587285333333334,0.0025355976066774705
cross,pd_to_als,dt,pooled_relative,0.1,0.6637825,0.0023629427262602514
cross,pd_to_als,dt,pooled_relative,0.15,0.6738109333333333,0.002151710289006434
cross,pd_to_als,dt,pooled_relative,0.2,0.6812180999999998,0.0034472980659021
cross,pd_to_als,dt,pooled_relative,0.25,0.6842574333333332,0.003520078003478713
cross,pd_to_als,dt,pooled_relative,0.5,0.6638542,0.006325775124373137
cross,pd_to_als,qda,pooled_relative,0.0,0.902826,0.0
cross,pd_to_als,qda,pooled_relative,0.05,0.9001675,0.0017299486488292673
cross,pd_to_als,qda,pooled_relative,0.1,0.8876235333333333,0.002311567280429888
cross,pd_to_als,qda,pooled_relative,0.15,0.8696044333333333,0.002791292886488435
cross,pd_to_als,qda,pooled_relative,0.2,0.8478139000000001,0.00447693615483656
cross,pd_to_als,qda,pooled_relative,0.25,0.8247745666666668,0.004473355784884637
cross,pd_to_als,qda,pooled_relative,0.5,0.6553938333333333,0.005180149792024934
cross,pd_to_als,xgb,pooled_relative,0.0,0.715739,0.0
cross,pd_to_als,xgb,pooled_relative,0.05,0.7378353000000001,0.002371126549510397
cross,pd_to_als,xgb,pooled_relative,0.1,0.7366439333333333,0.0032361276767503837
cross,pd_to_als,xgb,pooled_relative,0.15,0.7412361666666667,0.0034126222709769346
cross,pd_to_als,xgb,pooled_relative,0.2,0.7467575333333333,0.0037722670832175333
cross,pd_to_als,xgb,pooled_relative,0.25,0.7485565333333335,0.00444802723984878
cross,pd_to_als,xgb,pooled_relative,0.5,0.7263058333333332,0.005793413263968531
cross,pd_to_als,lgbm,pooled_relative,0.0,0.712077,0.0
cross,pd_to_als,lgbm,pooled_relative,0.05,0.7021016333333333,0.0024082171898176757
cross,pd_to_als,lgbm,pooled_relative,0.1,0.7073738333333334,0.003348955669266553
cross,pd_to_als,lgbm,pooled_relative,0.15,0.7156979000000001,0.003735008289239755
cross,pd_to_als,lgbm,pooled_relative,0.2,0.7239072333333333,0.0032156134040596113
cross,pd_to_als,lgbm,pooled_relative,0.25,0.7260039333333332,0.004145251965498765
cross,pd_to_als,lgbm,pooled_relative,0.5,0.7085693666666668,0.005582573226249415
cross,pd_to_als,rf,source_relative,0.0,0.671551,0.0
cross,pd_to_als,rf,source_relative,0.05,0.6653106333333333,0.0026062597256358154
cross,pd_to_als,rf,source_relative,0.1,0.6813287,0.0028986064564985596
cross,pd_to_als,rf,source_relative,0.15,0.6944157666666668,0.0031450553164734884
cross,pd_to_als,rf,source_relative,0.2,0.7048689333333333,0.0034808511338596366
cross,pd_to_als,rf,source_relative,0.25,0.7079590333333332,0.004055512421242302
cross,pd_to_als,rf,source_relative,0.5,0.7010902999999999,0.006803512866210352
cross,pd_to_als,knn,source_relative,0.0,0.788058,0.0
cross,pd_to_als,knn,source_relative,0.05,0.7913475666666668,0.0026360539563748528
cross,pd_to_als,knn,source_relative,0.1,0.7937364,0.004212637592964195
cross,pd_to_als,knn,source_relative,0.15,0.7945150999999999,0.0037463457629885195
cross,pd_to_als,knn,source_relative,0.2,0.7949928,0.0043497722366055945
cross,pd_to_als,knn,source_relative,0.25,0.7926552333333334,0.004516699502064986
cross,pd_to_als,knn,source_relative,0.5,0.7599952333333334,0.006042884403097208
cross,pd_to_als,svm,source_relative,0.0,0.859072,0.0
cross,pd_to_als,svm,source_relative,0.05,0.8558944333333333,0.002602396676319646
cross,pd_to_als,svm,source_relative,0.1,0.8496376,0.002659578844025159
cross,pd_to_als,svm,source_relative,0.15,0.8420209999999998,0.003933644918498314
cross,pd_to_als,svm,source_relative,0.2,0.8336232666666669,0.004925445283096913
cross,pd_to_als,svm,source_relative,0.25,0.8251619000000001,0.003912402475153373
cross,pd_to_als,svm,source_relative,0.5,0.7890701666666669,0.0040685526536352245
cross,pd_to_als,dt,source_relative,0.0,0.669252,0.0
cross,pd_to_als,dt,source_relative,0.05,0.6587815,0.002387870263760516
cross,pd_to_als,dt,source_relative,0.1,0.6639433333333334,0.0024058238868862798
cross,pd_to_als,dt,source_relative,0.15,0.6743707666666665,0.002188152766578486
cross,pd_to_als,dt,source_relative,0.2,0.6820463,0.0035078387309095274
cross,pd_to_als,dt,source_relative,0.25,0.6863589333333333,0.0035638994812766064
cross,pd_to_als,dt,source_relative,0.5,0.6703507,0.006676156612437521
cross,pd_to_als,qda,source_relative,0.0,0.902826,0.0
cross,pd_to_als,qda,source_relative,0.05,0.9008106,0.0015261111858983717
cross,pd_to_als,qda,source_relative,0.1,0.8893706666666669,0.0024380829005358024
cross,pd_to_als,qda,source_relative,0.15,0.8740564999999999,0.002710042915425561
cross,pd_to_als,qda,source_relative,0.2,0.8560245333333334,0.004150446969975001
cross,pd_to_als,qda,source_relative,0.25,0.8359456999999999,0.004091222127079307
cross,pd_to_als,qda,source_relative,0.5,0.6903390999999999,0.0063672672931767765
cross,pd_to_als,xgb,source_relative,0.0,0.715739,0.0
cross,pd_to_als,xgb,source_relative,0.05,0.7379453666666668,0.0022732525002482767
cross,pd_to_als,xgb,source_relative,0.1,0.7355937666666669,0.0033034804810238697
cross,pd_to_als,xgb,source_relative,0.15,0.7385174666666666,0.0031498776192245784
cross,pd_to_als,xgb,source_relative,0.2,0.7434560666666667,0.004082315231651598
cross,pd_to_als,xgb,source_relative,0.25,0.7445857666666666,0.004323376080886508
cross,pd_to_als,xgb,source_relative,0.5,0.7285950666666667,0.006559284574809457
cross,pd_to_als,lgbm,source_relative,0.0,0.712077,0.0
cross,pd_to_als,lgbm,source_relative,0.05,0.7019927,0.00233726058556327
cross,pd_to_als,lgbm,source_relative,0.1,0.7069491999999999,0.0032986488707368892
cross,pd_to_als,lgbm,source_relative,0.15,0.7147434000000001,0.0039327672331762615
cross,pd_to_als,lgbm,source_relative,0.2,0.7214790666666665,0.0027408472379191764
cross,pd_to_als,lgbm,source_relative,0.25,0.7226319666666666,0.0033535370054803945
cross,pd_to_als,lgbm,source_relative,0.5,0.7111911333333335,0.005547771194181366
cross,pd_to_als,rf,target_relative,0.0,0.671551,0.0
cross,pd_to_als,rf,target_relative,0.05,0.6651805333333335,0.0028385900304410904
cross,pd_to_als,rf,target_relative,0.1,0.6807761333333334,0.0026737909382764332
cross,pd_to_als,rf,target_relative,0.15,0.6941617333333333,0.0029882132700204734
cross,pd_to_als,rf,target_relative,0.2,0.7043020000000001,0.004190659984232594
cross,pd_to_als,rf,target_relative,0.25,0.7071581333333333,0.0042895554285628116
cross,pd_to_als,rf,target_relative,0.5,0.6964132333333333,0.006756367166496055
cross,pd_to_als,knn,target_relative,0.0,0.788058,0.0
cross,pd_to_als,knn,target_relative,0.05,0.7922014999999999,0.0033930500748360283
cross,pd_to_als,knn,target_relative,0.1,0.7954962666666666,0.003585115560426076
cross,pd_to_als,knn,target_relative,0.15,0.7943512999999999,0.0038375844247705393
cross,pd_to_als,knn,target_relative,0.2,0.7896647333333333,0.004977768236478265
cross,pd_to_als,knn,target_relative,0.25,0.7808388,0.004703074639219429
cross,pd_to_als,knn,target_relative,0.5,0.7343631333333333,0.007351160113620969
cross,pd_to_als,svm,target_relative,0.0,0.859072,0.0
cross,pd_to_als,svm,target_relative,0.05,0.8556336666666664,0.0026166522746511067
cross,pd_to_als,svm,target_relative,0.1,0.8492626666666667,0.002257620250485516
cross,pd_to_als,svm,target_relative,0.15,0.8408049,0.004071521492699902
cross,pd_to_als,svm,target_relative,0.2,0.8326787999999999,0.004976998038563216
cross,pd_to_als,svm,target_relative,0.25,0.8243672333333333,0.0037436319510680384
cross,pd_to_als,svm,target_relative,0.5,0.7863963333333335,0.004415180484719017
cross,pd_to_als,dt,target_relative,0.0,0.669252,0.0
cross,pd_to_als,dt,target_relative,0.05,0.6586055333333333,0.0025468586023236206
cross,pd_to_als,dt,target_relative,0.1,0.6637941666666668,0.0023518285488080275
cross,pd_to_als,dt,target_relative,0.15,0.6736198333333333,0.0022648270556389094
cross,pd_to_als,dt,target_relative,0.2,0.6806527000000001,0.003785528033591
cross,pd_to_als,dt,target_relative,0.25,0.6834358999999999,0.003711154568464434
cross,pd_to_als,dt,target_relative,0.5,0.6601824333333332,0.006081826391309024
cross,pd_to_als,qda,target_relative,0.0,0.902826,0.0
cross,pd_to_als,qda,target_relative,0.05,0.8998225333333333,0.0018310859926949537
cross,pd_to_als,qda,target_relative,0.1,0.8863549333333334,0.0023490117354609714
cross,pd_to_als,qda,target_relative,0.15,0.8662147333333333,0.00269293659647673
cross,pd_to_als,qda,target_relative,0.2,0.8416024666666666,0.0042726988784311986
cross,pd_to_als,qda,target_relative,0.25,0.8164489666666666,0.0041096644336820675
cross,pd_to_als,qda,target_relative,0.5,0.6340633666666665,0.004912810842904591
cross,pd_to_als,xgb,target_relative,0.0,0.715739,0.0
cross,pd_to_als,xgb,target_relative,0.05,0.7379030333333334,0.002280656960453346
cross,pd_to_als,xgb,target_relative,0.1,0.737397733333333,0.0033958622584199303
cross,pd_to_als,xgb,target_relative,0.15,0.7427848333333332,0.003112125341897108
cross,pd_to_als,xgb,target_relative,0.2,0.7484809333333334,0.003992146600284233
cross,pd_to_als,xgb,target_relative,0.25,0.7504968000000001,0.004436917106155644
cross,pd_to_als,xgb,target_relative,0.5,0.7235373333333333,0.006133957778057211
cross,pd_to_als,lgbm,target_relative,0.0,0.712077,0.0
cross,pd_to_als,lgbm,target_relative,0.05,0.7022681,0.002186043794715414
cross,pd_to_als,lgbm,target_relative,0.1,0.7076183333333332,0.0035124673745774793
cross,pd_to_als,lgbm,target_relative,0.15,0.7167352,0.003922837620027552
cross,pd_to_als,lgbm,target_relative,0.2,0.7251220000000002,0.003102351499683148
cross,pd_to_als,lgbm,target_relative,0.25,0.7268995333333332,0.0042407632911958225
cross,pd_to_als,lgbm,target_relative,0.5,0.7050810333333334,0.005969177564116679
cross,als_to_pd,rf,pooled_relative,0.0,0.815262,0.0
cross,als_to_pd,rf,pooled_relative,0.05,0.801069,0.0028685606387055885
cross,als_to_pd,rf,pooled_relative,0.1,0.8016127,0.0033732690697958444
cross,als_to_pd,rf,pooled_relative,0.15,0.7996985666666668,0.003009580904302157
cross,als_to_pd,rf,pooled_relative,0.2,0.7968333666666665,0.003066611186841977
cross,als_to_pd,rf,pooled_relative,0.25,0.7923453666666667,0.0034445045735883814
cross,als_to_pd,rf,pooled_relative,0.5,0.7554269666666666,0.004684753469267748
cross,als_to_pd,knn,pooled_relative,0.0,0.683278,0.0
cross,als_to_pd,knn,pooled_relative,0.05,0.6846062333333334,0.00144432236069694
cross,als_to_pd,knn,pooled_relative,0.1,0.6853482666666667,0.002036069708401767
cross,als_to_pd,knn,pooled_relative,0.15,0.6849646,0.002016618877366696
cross,als_to_pd,knn,pooled_relative,0.2,0.6841952000000001,0.003235170073875025
cross,als_to_pd,knn,pooled_relative,0.25,0.6822255333333334,0.002289361855571798
cross,als_to_pd,knn,pooled_relative,0.5,0.6673121000000001,0.003272867258705032
cross,als_to_pd,svm,pooled_relative,0.0,0.775085,0.0
cross,als_to_pd,svm,pooled_relative,0.05,0.7738370666666666,0.0010301200443380975
cross,als_to_pd,svm,pooled_relative,0.1,0.7719757666666668,0.0018929101784496173
cross,als_to_pd,svm,pooled_relative,0.15,0.7692646333333333,0.001904358856419394
cross,als_to_pd,svm,pooled_relative,0.2,0.7650452999999999,0.0021506348244822544
cross,als_to_pd,svm,pooled_relative,0.25,0.7608596,0.002782625906932356
cross,als_to_pd,svm,pooled_relative,0.5,0.7302647,0.003465743231729064
cross,als_to_pd,dt,pooled_relative,0.0,0.854761,0.0
cross,als_to_pd,dt,pooled_relative,0.05,0.8485998666666668,0.0013863439323813411
cross,als_to_pd,dt,pooled_relative,0.1,0.8385864666666667,0.0022802775350341934
cross,als_to_pd,dt,pooled_relative,0.15,0.8328308333333335,0.0032007165909218285
cross,als_to_pd,dt,pooled_relative,0.2,0.8270184333333334,0.0035397050791169645
cross,als_to_pd,dt,pooled_relative,0.25,0.8171014333333334,0.004179441933406014
cross,als_to_pd,dt,pooled_relative,0.5,0.7483231333333333,0.004013500146989533
cross,als_to_pd,qda,pooled_relative,0.0,0.798541,0.0
cross,als_to_pd,qda,pooled_relative,0.05,0.8005368666666667,0.001765152444981161
cross,als_to_pd,qda,pooled_relative,0.1,0.8009660666666666,0.0022814875959721276
cross,als_to_pd,qda,pooled_relative,0.15,0.7883077666666666,0.0025869960036669043
cross,als_to_pd,qda,pooled_relative,0.2,0.7688236666666666,0.003125862775611564
cross,als_to_pd,qda,pooled_relative,0.25,0.7430155,0.006134639071248006
cross,als_to_pd,qda,pooled_relative,0.5,0.5788612000000001,0.005688075429928107
cross,als_to_pd,xgb,pooled_relative,0.0,0.716878,0.0
cross,als_to_pd,xgb,pooled_relative,0.05,0.7135010333333334,0.0013226675627719905
cross,als_to_pd,xgb,pooled_relative,0.1,0.7161941,0.002338830629565363
cross,als_to_pd,xgb,pooled_relative,0.15,0.7205902,0.0033611646524217965
cross,als_to_pd,xgb,pooled_relative,0.2,0.7243342666666664,0.003391311453510664
cross,als_to_pd,xgb,pooled_relative,0.25,0.7261524,0.004290508414532297
cross,als_to_pd,xgb,pooled_relative,0.5,0.7166653333333334,0.005078517679017374
cross,als_to_pd,lgbm,pooled_relative,0.0,0.725631,0.0
cross,als_to_pd,lgbm,pooled_relative,0.05,0.7258227333333335,0.0015018901179636194
cross,als_to_pd,lgbm,pooled_relative,0.1,0.7208127666666667,0.0025447879483954747
cross,als_to_pd,lgbm,pooled_relative,0.15,0.7145050333333333,0.003507072681304738
cross,als_to_pd,lgbm,pooled_relative,0.2,0.7083622333333329,0.003214327383743772
cross,als_to_pd,lgbm,pooled_relative,0.25,0.7032219333333332,0.0035826201443706794
cross,als_to_pd,lgbm,pooled_relative,0.5,0.6752804666666666,0.005901811473714178
cross,als_to_pd,rf,source_relative,0.0,0.815262,0.0
cross,als_to_pd,rf,source_relative,0.05,0.8016973666666666,0.00296169140262246
cross,als_to_pd,rf,source_relative,0.1,0.8020318,0.0031180554218604114
cross,als_to_pd,rf,source_relative,0.15,0.7993132333333334,0.0028710660723769515
cross,als_to_pd,rf,source_relative,0.2,0.7952125999999999,0.003278065825852292
cross,als_to_pd,rf,source_relative,0.25,0.7892605666666666,0.0040779598574349025
cross,als_to_pd,rf,source_relative,0.5,0.7509058,0.0040332869576511126
cross,als_to_pd,knn,source_relative,0.0,0.683278,0.0
cross,als_to_pd,knn,source_relative,0.05,0.6846950333333331,0.001256995390860159
cross,als_to_pd,knn,source_relative,0.1,0.6850642666666668,0.0020546442419356993
cross,als_to_pd,knn,source_relative,0.15,0.6846681,0.002461587423762886
cross,als_to_pd,knn,source_relative,0.2,0.6838614,0.003515282424519828
cross,als_to_pd,knn,source_relative,0.25,0.6816429333333333,0.002409201669652726
cross,als_to_pd,knn,source_relative,0.5,0.6673232666666666,0.004330497956023814
cross,als_to_pd,svm,source_relative,0.0,0.775085,0.0
cross,als_to_pd,svm,source_relative,0.05,0.7736126000000001,0.0012634332153521998
cross,als_to_pd,svm,source_relative,0.1,0.7715391333333333,0.001824026008082371
cross,als_to_pd,svm,source_relative,0.15,0.7687180333333334,0.002004324591431261
cross,als_to_pd,svm,source_relative,0.2,0.7639710333333335,0.0021188163169698175
cross,als_to_pd,svm,source_relative,0.25,0.7596414666666668,0.0026613266685586775
cross,als_to_pd,svm,source_relative,0.5,0.7255166,0.0037217697551494002
cross,als_to_pd,dt,source_relative,0.0,0.854761,0.0
cross,als_to_pd,dt,source_relative,0.05,0.8494452,0.0015019771429456044
cross,als_to_pd,dt,source_relative,0.1,0.8389580999999999,0.0021650450556751524
cross,als_to_pd,dt,source_relative,0.15,0.8308158000000001,0.003645614260715336
cross,als_to_pd,dt,source_relative,0.2,0.8231994999999999,0.0035287792824343447
cross,als_to_pd,dt,source_relative,0.25,0.811929,0.004855912464415837
cross,als_to_pd,dt,source_relative,0.5,0.7393725666666666,0.0035811275693300895
cross,als_to_pd,qda,source_relative,0.0,0.798541,0.0
cross,als_to_pd,qda,source_relative,0.05,0.8006381333333333,0.0019429537722034298
cross,als_to_pd,qda,source_relative,0.1,0.7997905,0.0026550878256790264
cross,als_to_pd,qda,source_relative,0.15,0.7848021333333333,0.0030250255026948126
cross,als_to_pd,qda,source_relative,0.2,0.7611403333333333,0.003627202896251428
cross,als_to_pd,qda,source_relative,0.25,0.7315678666666666,0.005748003225908768
cross,als_to_pd,qda,source_relative,0.5,0.5595251333333333,0.006423699566413441
cross,als_to_pd,xgb,source_relative,0.0,0.716878,0.0
cross,als_to_pd,xgb,source_relative,0.05,0.7128696666666667,0.0015811717465076347
cross,als_to_pd,xgb,source_relative,0.1,0.7158065333333334,0.0023766689052237538
cross,als_to_pd,xgb,source_relative,0.15,0.7207324666666668,0.0035678729462972096
cross,als_to_pd,xgb,source_relative,0.2,0.7236055333333334,0.004291507963676507
cross,als_to_pd,xgb,source_relative,0.25,0.7251024333333334,0.004187602488160815
cross,als_to_pd,xgb,source_relative,0.5,0.7129349,0.00493607032273999
cross,als_to_pd,lgbm,source_relative,0.0,0.725631,0.0
cross,als_to_pd,lgbm,source_relative,0.05,0.7258111000000002,0.0015571066526048338
cross,als_to_pd,lgbm,source_relative,0.1,0.7193715333333334,0.002483046498284659
cross,als_to_pd,lgbm,source_relative,0.15,0.7118982333333332,0.003748455384723731
cross,als_to_pd,lgbm,source_relative,0.2,0.7032827333333335,0.003283776798804665
cross,als_to_pd,lgbm,source_relative,0.25,0.6972453333333334,0.0046771148956516375
cross,als_to_pd,lgbm,source_relative,0.5,0.6664725333333336,0.006448285378799295
cross,als_to_pd,rf,target_relative,0.0,0.815262,0.0
cross,als_to_pd,rf,target_relative,0.05,0.8006305,0.0026621206189155117
cross,als_to_pd,rf,target_relative,0.1,0.8007053,0.003120625789916132
cross,als_to_pd,rf,target_relative,0.15,0.8001026666666667,0.0025193341119859694
cross,als_to_pd,rf,target_relative,0.2,0.7989811333333334,0.003430615464369015
cross,als_to_pd,rf,target_relative,0.25,0.7966299333333333,0.002502754729649237
cross,als_to_pd,rf,target_relative,0.5,0.7642698666666666,0.004579489037401238
cross,als_to_pd,knn,target_relative,0.0,0.683278,0.0
cross,als_to_pd,knn,target_relative,0.05,0.684666,0.0014745038908520838
cross,als_to_pd,knn,target_relative,0.1,0.6853700333333334,0.001644256324579459
cross,als_to_pd,knn,target_relative,0.15,0.6853293666666666,0.0021268604104988037
cross,als_to_pd,knn,target_relative,0.2,0.6850995999999998,0.0026999032754066762
cross,als_to_pd,knn,target_relative,0.25,0.6825434333333334,0.0024809931365641076
cross,als_to_pd,knn,target_relative,0.5,0.6675870333333335,0.0031949022701941833
cross,als_to_pd,svm,target_relative,0.0,0.775085,0.0
cross,als_to_pd,svm,target_relative,0.05,0.7739675,0.0010220595080185082
cross,als_to_pd,svm,target_relative,0.1,0.7722055666666667,0.0019208914540288162
cross,als_to_pd,svm,target_relative,0.15,0.7700564000000001,0.00181903131856795
cross,als_to_pd,svm,target_relative,0.2,0.7671749666666668,0.0020212693260685845
cross,als_to_pd,svm,target_relative,0.25,0.7630377666666667,0.0027749524218764806
cross,als_to_pd,svm,target_relative,0.5,0.7356348666666666,0.0034307503927670413
cross,als_to_pd,dt,target_relative,0.0,0.854761,0.0
cross,als_to_pd,dt,target_relative,0.05,0.8486577666666667,0.0014085416934897007
cross,als_to_pd,dt,target_relative,0.1,0.8387011999999998,0.001792649578234646
cross,als_to_pd,dt,target_relative,0.15,0.8346289,0.0031306949801315075
cross,als_to_pd,dt,target_relative,0.2,0.8303233999999999,0.003530849967027094
cross,als_to_pd,dt,target_relative,0.25,0.8231342999999999,0.004066495679795208
cross,als_to_pd,dt,target_relative,0.5,0.7634985333333332,0.003517985961169896
cross,als_to_pd,qda,target_relative,0.0,0.798541,0.0
cross,als_to_pd,qda,target_relative,0.05,0.8002562999999999,0.0017849754204817862
cross,als_to_pd,qda,target_relative,0.1,0.8015124,0.0024260859011997087
cross,als_to_pd,qda,target_relative,0.15,0.7922527,0.0025512646917923223
cross,als_to_pd,qda,target_relative,0.2,0.7778907666666667,0.0032256575024308684
cross,als_to_pd,qda,target_relative,0.25,0.7558486333333334,0.0056923249264089065
cross,als_to_pd,qda,target_relative,0.5,0.6102729333333333,0.0067434251551410015
cross,als_to_pd,xgb,target_relative,0.0,0.716878,0.0
cross,als_to_pd,xgb,target_relative,0.05,0.7143561999999999,0.001160516246599187
cross,als_to_pd,xgb,target_relative,0.1,0.7175075999999999,0.0025344090598714724
cross,als_to_pd,xgb,target_relative,0.15,0.7222011333333334,0.003210487069431748
cross,als_to_pd,xgb,target_relative,0.2,0.7255714000000001,0.0034740717400728017
cross,als_to_pd,xgb,target_relative,0.25,0.7276985333333333,0.004296421483958034
cross,als_to_pd,xgb,target_relative,0.5,0.7227154333333333,0.004590393512418155
cross,als_to_pd,lgbm,target_relative,0.0,0.725631,0.0
cross,als_to_pd,lgbm,target_relative,0.05,0.7258608333333334,0.0011862745824881627
cross,als_to_pd,lgbm,target_relative,0.1,0.7227162333333335,0.0023580026276393364
cross,als_to_pd,lgbm,target_relative,0.15,0.7180112666666668,0.002886401206768869
cross,als_to_pd,lgbm,target_relative,0.2,0.7144678666666667,0.002855595568454102
cross,als_to_pd,lgbm,target_relative,0.25,0.7124105333333333,0.003987865151226627
cross,als_to_pd,lgbm,target_relative,0.5,0.6934857999999999,0.005099498247123318
cross,hd_to_als,rf,pooled_relative,0.0,0.611777,0.0
cross,hd_to_als,rf,pooled_relative,0.05,0.6497489666666667,0.002459295336183666
cross,hd_to_als,rf,pooled_relative,0.1,0.6810788000000001,0.004855463729406919
cross,hd_to_als,rf,pooled_relative,0.15,0.6891161333333333,0.005041998103744286
cross,hd_to_als,rf,pooled_relative,0.2,0.6871461666666668,0.004952675661967353
cross,hd_to_als,rf,pooled_relative,0.25,0.6855360666666667,0.005465222770064968
cross,hd_to_als,rf,pooled_relative,0.5,0.6614803666666667,0.007068645714720027
cross,hd_to_als,knn,pooled_relative,0.0,0.645197,0.0
cross,hd_to_als,knn,pooled_relative,0.05,0.6462542333333332,0.003615299164263803
cross,hd_to_als,knn,pooled_relative,0.1,0.6492578333333334,0.004555330920893734
cross,hd_to_als,knn,pooled_relative,0.15,0.6517787,0.004678147770439589
cross,hd_to_als,knn,pooled_relative,0.2,0.6510528999999999,0.0052662430195899
cross,hd_to_als,knn,pooled_relative,0.25,0.6467715666666667,0.006891502106834593
cross,hd_to_als,knn,pooled_relative,0.5,0.6220087333333333,0.007692140390587388
cross,hd_to_als,svm,pooled_relative,0.0,0.732939,0.0
cross,hd_to_als,svm,pooled_relative,0.05,0.7261496,0.004752810403438636
cross,hd_to_als,svm,pooled_relative,0.1,0.7101462333333332,0.006044701565225836
cross,hd_to_als,svm,pooled_relative,0.15,0.6927622666666667,0.005786922420324164
cross,hd_to_als,svm,pooled_relative,0.2,0.6778179333333333,0.00587667045618306
cross,hd_to_als,svm,pooled_relative,0.25,0.6667369000000001,0.006239670279474046
cross,hd_to_als,svm,pooled_relative,0.5,0.6320334666666667,0.0066746036830988625
cross,hd_to_als,dt,pooled_relative,0.0,0.611777,0.0
cross,hd_to_als,dt,pooled_relative,0.05,0.6495958666666669,0.002518830759579193
cross,hd_to_als,dt,pooled_relative,0.1,0.6812641666666667,0.0035862054106153025
cross,hd_to_als,dt,pooled_relative,0.15,0.6879068000000002,0.004142946081532174
cross,hd_to_als,dt,pooled_relative,0.2,0.6820656666666666,0.006317293513311948
cross,hd_to_als,dt,pooled_relative,0.25,0.6756636666666667,0.006431933957744083
cross,hd_to_als,dt,pooled_relative,0.5,0.6420661666666666,0.0072208237379140505
cross,hd_to_als,qda,pooled_relative,0.0,0.88708,0.0
cross,hd_to_als,qda,pooled_relative,0.05,0.8188405999999999,0.00335388547292796
cross,hd_to_als,qda,pooled_relative,0.1,0.5949107000000001,0.005989885464048029
cross,hd_to_als,qda,pooled_relative,0.15,0.44933986666666653,0.0061275082674620744
cross,hd_to_als,qda,pooled_relative,0.2,0.39111873333333336,0.003998179956044941
cross,hd_to_als,qda,pooled_relative,0.25,0.37079750000000006,0.0017984057259618593
cross,hd_to_als,qda,pooled_relative,0.5,0.3561815,0.00040152972578584014
cross,hd_to_als,xgb,pooled_relative,0.0,0.611777,0.0
cross,hd_to_als,xgb,pooled_relative,0.05,0.6491910666666667,0.0025657213267299265
cross,hd_to_als,xgb,pooled_relative,0.1,0.6816370999999999,0.005234091946736951
cross,hd_to_als,xgb,pooled_relative,0.15,0.6860087333333332,0.004553677035882806
cross,hd_to_als,xgb,pooled_relative,0.2,0.6838141,0.0062647573382292
cross,hd_to_als,xgb,pooled_relative,0.25,0.6743108333333333,0.005712460096191018
cross,hd_to_als,xgb,pooled_relative,0.5,0.6398575333333334,0.005115678050136049
cross,hd_to_als,lgbm,pooled_relative,0.0,0.611777,0.0
cross,hd_to_als,lgbm,pooled_relative,0.05,0.6501717000000001,0.0022328029878962907
cross,hd_to_als,lgbm,pooled_relative,0.1,0.6814539,0.004349020566312246
cross,hd_to_als,lgbm,pooled_relative,0.15,0.6866674666666666,0.005206656487105005
cross,hd_to_als,lgbm,pooled_relative,0.2,0.6804001333333332,0.0063851075908810204
cross,hd_to_als,lgbm,pooled_relative,0.25,0.6748943666666667,0.005761897391534729
cross,hd_to_als,lgbm,pooled_relative,0.5,0.6410297333333334,0.006999080540270657
cross,hd_to_als,rf,source_relative,0.0,0.611777,0.0
cross,hd_to_als,rf,source_relative,0.05,0.6574907666666667,0.0023635189673864255
cross,hd_to_als,rf,source_relative,0.1,0.6852469666666666,0.0048404337115688124
cross,hd_to_als,rf,source_relative,0.15,0.6893213333333333,0.007218370034434583
cross,hd_to_als,rf,source_relative,0.2,0.6859389666666669,0.005156221039932601
cross,hd_to_als,rf,source_relative,0.25,0.6824370333333334,0.005773827801520339
cross,hd_to_als,rf,source_relative,0.5,0.6556557,0.007769118163912008
cross,hd_to_als,knn,source_relative,0.0,0.645197,0.0
cross,hd_to_als,knn,source_relative,0.05,0.6463172000000001,0.0034812114657063803
cross,hd_to_als,knn,source_relative,0.1,0.6512862999999999,0.005566919015100701
cross,hd_to_als,knn,source_relative,0.15,0.6532027666666667,0.005667647560912086
cross,hd_to_als,knn,source_relative,0.2,0.6530838,0.006223783278958896
cross,hd_to_als,knn,source_relative,0.25,0.6481079333333335,0.006183075263939488
cross,hd_to_als,knn,source_relative,0.5,0.6233214666666668,0.005963283010009773
cross,hd_to_als,svm,source_relative,0.0,0.732939,0.0
cross,hd_to_als,svm,source_relative,0.05,0.7233693999999999,0.005584916716571021
cross,hd_to_als,svm,source_relative,0.1,0.703279,0.0057793739847125615
cross,hd_to_als,svm,source_relative,0.15,0.6864077666666666,0.005583601882133153
cross,hd_to_als,svm,source_relative,0.2,0.6718717333333335,0.0058620742117758825
cross,hd_to_als,svm,source_relative,0.25,0.6622332666666667,0.006407988451565922
cross,hd_to_als,svm,source_relative,0.5,0.6300684999999999,0.006881678908772786
cross,hd_to_als,dt,source_relative,0.0,0.611777,0.0
cross,hd_to_als,dt,source_relative,0.05,0.6575231666666669,0.0028428808856308238
cross,hd_to_als,dt,source_relative,0.1,0.6853415333333335,0.004302593754480191
cross,hd_to_als,dt,source_relative,0.15,0.6864395666666667,0.0042922613096798715
cross,hd_to_als,dt,source_relative,0.2,0.6774627666666666,0.006847515148015294
cross,hd_to_als,dt,source_relative,0.25,0.6686685000000001,0.006358185675663057
cross,hd_to_als,dt,source_relative,0.5,0.6301691,0.007755450116330878
cross,hd_to_als,qda,source_relative,0.0,0.88708,0.0
cross,hd_to_als,qda,source_relative,0.05,0.8078325999999999,0.0033599730971829327
cross,hd_to_als,qda,source_relative,0.1,0.5710735000000001,0.006976501088012139
cross,hd_to_als,qda,source_relative,0.15,0.4324657333333333,0.007038291205885885
cross,hd_to_als,qda,source_relative,0.2,0.3836596666666667,0.003906162181541586
cross,hd_to_als,qda,source_relative,0.25,0.36674576666666675,0.0016347932418743878
cross,hd_to_als,qda,source_relative,0.5,0.356003,0.0003278745554902536
cross,hd_to_als,xgb,source_relative,0.0,0.611777,0.0
cross,hd_to_als,xgb,source_relative,0.05,0.6572821666666666,0.0023896603579665458
cross,hd_to_als,xgb,source_relative,0.1,0.6862498333333332,0.005661828247942136
cross,hd_to_als,xgb,source_relative,0.15,0.6843388666666665,0.0049771947904024404
cross,hd_to_als,xgb,source_relative,0.2,0.6781389,0.006035667025104279
cross,hd_to_als,xgb,source_relative,0.25,0.6679377999999999,0.005873746459957391
cross,hd_to_als,xgb,source_relative,0.5,0.6285546666666665,0.005684473355846907
cross,hd_to_als,lgbm,source_relative,0.0,0.611777,0.0
cross,hd_to_als,lgbm,source_relative,0.05,0.6584310666666667,0.0023695390637659183
cross,hd_to_als,lgbm,source_relative,0.1,0.6857290333333332,0.004708900504827832
cross,hd_to_als,lgbm,source_relative,0.15,0.6852918999999998,0.006079397476667428
cross,hd_to_als,lgbm,source_relative,0.2,0.6750940666666666,0.006938614002181147
cross,hd_to_als,lgbm,source_relative,0.25,0.6680815999999999,0.005485017779495277
cross,hd_to_als,lgbm,source_relative,0.5,0.6293857,0.006857405129769789
cross,hd_to_als,rf,target_relative,0.0,0.611777,0.0
cross,hd_to_als,rf,target_relative,0.05,0.6298263000000001,0.0018505047056187683
cross,hd_to_als,rf,target_relative,0.1,0.6475408333333333,0.0027069559578004284
cross,hd_to_als,rf,target_relative,0.15,0.6673433,0.0034249299429029325
cross,hd_to_als,rf,target_relative,0.2,0.6792790333333334,0.003552503221220436
cross,hd_to_als,rf,target_relative,0.25,0.6852973,0.004745450839015953
cross,hd_to_als,rf,target_relative,0.5,0.6858564333333332,0.0055300216042686685
cross,hd_to_als,knn,target_relative,0.0,0.645197,0.0
cross,hd_to_als,knn,target_relative,0.05,0.6447005000000002,0.003577981445471439
cross,hd_to_als,knn,target_relative,0.1,0.6456908666666666,0.0036444891580286677
cross,hd_to_als,knn,target_relative,0.15,0.6479178333333333,0.004652733457488916
cross,hd_to_als,knn,target_relative,0.2,0.6464257333333333,0.0036439515301418405
cross,hd_to_als,knn,target_relative,0.25,0.6430110333333333,0.005701147782099086
cross,hd_to_als,knn,target_relative,0.5,0.6233178666666667,0.007516236749741245
cross,hd_to_als,svm,target_relative,0.0,0.732939,0.0
cross,hd_to_als,svm,target_relative,0.05,0.7329146666666666,0.002599561015107039
cross,hd_to_als,svm,target_relative,0.1,0.7261592000000001,0.004974471390388445
cross,hd_to_als,svm,target_relative,0.15,0.7147643333333336,0.003926278305639241
cross,hd_to_als,svm,target_relative,0.2,0.7037578333333335,0.004941146182006159
cross,hd_to_als,svm,target_relative,0.25,0.6915700666666666,0.004650866926478989
cross,hd_to_als,svm,target_relative,0.5,0.6423310333333333,0.006261539341877928
cross,hd_to_als,dt,target_relative,0.0,0.611777,0.0
cross,hd_to_als,dt,target_relative,0.05,0.6303336666666667,0.0015946554126385587
cross,hd_to_als,dt,target_relative,0.1,0.6476805666666667,0.0021561110214415326
cross,hd_to_als,dt,target_relative,0.15,0.6667784999999999,0.0028148653027123332
cross,hd_to_als,dt,target_relative,0.2,0.6806713,0.0035436083514231546
cross,hd_to_als,dt,target_relative,0.25,0.6846856999999998,0.004370638587840134
cross,hd_to_als,dt,target_relative,0.5,0.6767514333333333,0.006764478325240135
cross,hd_to_als,qda,target_relative,0.0,0.88708,0.0
cross,hd_to_als,qda,target_relative,0.05,0.8439226333333333,0.0023872193242973844
cross,hd_to_als,qda,target_relative,0.1,0.6713511333333334,0.006334092710433575
cross,hd_to_als,qda,target_relative,0.15,0.5120100333333333,0.0059671591605324655
cross,hd_to_als,qda,target_relative,0.2,0.43220420000000004,0.00504420774272077
cross,hd_to_als,qda,target_relative,0.25,0.3932491000000001,0.004536989533174827
cross,hd_to_als,qda,target_relative,0.5,0.3580685333333333,0.0010937910578172258
cross,hd_to_als,xgb,target_relative,0.0,0.611777,0.0
cross,hd_to_als,xgb,target_relative,0.05,0.6302267666666664,0.0015734529935744822
cross,hd_to_als,xgb,target_relative,0.1,0.6484756,0.00263139284737977
cross,hd_to_als,xgb,target_relative,0.15,0.6668398333333332,0.003530129059703189
cross,hd_to_als,xgb,target_relative,0.2,0.6801016999999998,0.004007691718046253
cross,hd_to_als,xgb,target_relative,0.25,0.6852087000000001,0.005278379447951028
cross,hd_to_als,xgb,target_relative,0.5,0.6779828666666667,0.005702436906381717
cross,hd_to_als,lgbm,target_relative,0.0,0.611777,0.0
cross,hd_to_als,lgbm,target_relative,0.05,0.6304258333333332,0.0015983418365408408
cross,hd_to_als,lgbm,target_relative,0.1,0.6479434000000001,0.002327871272658555
cross,hd_to_als,lgbm,target_relative,0.15,0.6662224333333333,0.0034699872670275527
cross,hd_to_als,lgbm,target_relative,0.2,0.6793692333333331,0.0038077766857453395
cross,hd_to_als,lgbm,target_relative,0.25,0.6851966333333336,0.00421260391651901
cross,hd_to_als,lgbm,target_relative,0.5,0.6767274666666668,0.005749993035877843
cross,als_to_hd,rf,pooled_relative,0.0,0.767285,0.0
cross,als_to_hd,rf,pooled_relative,0.05,0.7666995333333333,0.0018602181135246108
cross,als_to_hd,rf,pooled_relative,0.1,0.7665917666666665,0.002598372085634068
cross,als_to_hd,rf,pooled_relative,0.15,0.7637882666666667,0.002698587662966066
cross,als_to_hd,rf,pooled_relative,0.2,0.7566765999999998,0.003535849540409454
cross,als_to_hd,rf,pooled_relative,0.25,0.7469744666666667,0.0035130716173322933
cross,als_to_hd,rf,pooled_relative,0.5,0.7065250333333333,0.004118839219500061
cross,als_to_hd,knn,pooled_relative,0.0,0.687903,0.0
cross,als_to_hd,knn,pooled_relative,0.05,0.6891401333333333,0.0011670824730286098
cross,als_to_hd,knn,pooled_relative,0.1,0.6882930000000002,0.0017609724390331796
cross,als_to_hd,knn,pooled_relative,0.15,0.6860258333333333,0.002392432495834828
cross,als_to_hd,knn,pooled_relative,0.2,0.6822816,0.001885232695780922
cross,als_to_hd,knn,pooled_relative,0.25,0.6802123000000001,0.002926468875506857
cross,als_to_hd,knn,pooled_relative,0.5,0.6688565666666668,0.003225327042314478
cross,als_to_hd,svm,pooled_relative,0.0,0.69906,0.0
cross,als_to_hd,svm,pooled_relative,0.05,0.6991922333333332,0.0011359481740039832
cross,als_to_hd,svm,pooled_relative,0.1,0.6986143000000001,0.00150962722391073
cross,als_to_hd,svm,pooled_relative,0.15,0.6975005000000001,0.0018957760807320739
cross,als_to_hd,svm,pooled_relative,0.2,0.6964645666666666,0.0023260603022890653
cross,als_to_hd,svm,pooled_relative,0.25,0.6945665,0.002028186785759892
cross,als_to_hd,svm,pooled_relative,0.5,0.6856178666666669,0.0037207145655318557
cross,als_to_hd,dt,pooled_relative,0.0,0.752643,0.0
cross,als_to_hd,dt,pooled_relative,0.05,0.7618608666666667,0.0018047372286202285
cross,als_to_hd,dt,pooled_relative,0.1,0.7679945666666668,0.0025667197727749806
cross,als_to_hd,dt,pooled_relative,0.15,0.7675561666666667,0.0035572484531546642
cross,als_to_hd,dt,pooled_relative,0.2,0.7614469333333334,0.0033317244880643622
cross,als_to_hd,dt,pooled_relative,0.25,0.7520830000000002,0.0038198874328964224
cross,als_to_hd,dt,pooled_relative,0.5,0.7025306666666665,0.005504916450450146
cross,als_to_hd,qda,pooled_relative,0.0,0.782793,0.0
cross,als_to_hd,qda,pooled_relative,0.05,0.7869312333333333,0.002387149038054612
cross,als_to_hd,qda,pooled_relative,0.1,0.7719681333333331,0.0029966780082380366
cross,als_to_hd,qda,pooled_relative,0.15,0.7349569333333333,0.0042000048516666
cross,als_to_hd,qda,pooled_relative,0.2,0.6913621333333334,0.004919311058670115
cross,als_to_hd,qda,pooled_relative,0.25,0.6454224000000001,0.007067574034351132
cross,als_to_hd,qda,pooled_relative,0.5,0.47684746666666666,0.005746884227686929
cross,als_to_hd,xgb,pooled_relative,0.0,0.733917,0.0
cross,als_to_hd,xgb,pooled_relative,0.05,0.7383243333333334,0.0014838847973997218
cross,als_to_hd,xgb,pooled_relative,0.1,0.7484243333333332,0.0020772497954371473
cross,als_to_hd,xgb,pooled_relative,0.15,0.7495167666666666,0.002947809574668235
cross,als_to_hd,xgb,pooled_relative,0.2,0.7474561666666669,0.003068386468974956
cross,als_to_hd,xgb,pooled_relative,0.25,0.7405070666666667,0.0039039247619704932
cross,als_to_hd,xgb,pooled_relative,0.5,0.7141308333333332,0.00410665387812422
cross,als_to_hd,lgbm,pooled_relative,0.0,0.77868,0.0
cross,als_to_hd,lgbm,pooled_relative,0.05,0.7767640333333332,0.001487120255400683
cross,als_to_hd,lgbm,pooled_relative,0.1,0.7751907,0.002817734234671785
cross,als_to_hd,lgbm,pooled_relative,0.15,0.7692438,0.0028464495052972333
cross,als_to_hd,lgbm,pooled_relative,0.2,0.7651669333333334,0.0028997207586526183
cross,als_to_hd,lgbm,pooled_relative,0.25,0.7576556,0.0038940753813790038
cross,als_to_hd,lgbm,pooled_relative,0.5,0.7082440333333332,0.004913014844361823
cross,als_to_hd,rf,source_relative,0.0,0.767285,0.0
cross,als_to_hd,rf,source_relative,0.05,0.7660854666666667,0.0015183479845868235
cross,als_to_hd,rf,source_relative,0.1,0.7646402000000002,0.002107612596084113
cross,als_to_hd,rf,source_relative,0.15,0.7657632,0.0018837877909624906
cross,als_to_hd,rf,source_relative,0.2,0.7659182333333334,0.002423441890958103
cross,als_to_hd,rf,source_relative,0.25,0.7649789666666664,0.002503066126440394
cross,als_to_hd,rf,source_relative,0.5,0.7470158666666666,0.004521054040462419
cross,als_to_hd,knn,source_relative,0.0,0.687903,0.0
cross,als_to_hd,knn,source_relative,0.05,0.6889049666666668,0.0009633275478090591
cross,als_to_hd,knn,source_relative,0.1,0.6893550666666666,0.0016380838034503725
cross,als_to_hd,knn,source_relative,0.15,0.6897587666666668,0.0017908920852244428
cross,als_to_hd,knn,source_relative,0.2,0.6890981333333334,0.0017628149067336375
cross,als_to_hd,knn,source_relative,0.25,0.6892678333333334,0.0027103770838725724
cross,als_to_hd,knn,source_relative,0.5,0.6863363000000001,0.0032132026471612695
cross,als_to_hd,svm,source_relative,0.0,0.69906,0.0
cross,als_to_hd,svm,source_relative,0.05,0.6989575,0.0010943957157987401
cross,als_to_hd,svm,source_relative,0.1,0.6987011333333335,0.0013382729409084743
cross,als_to_hd,svm,source_relative,0.15,0.6978855666666668,0.0012930291802273877
cross,als_to_hd,svm,source_relative,0.2,0.6980260666666667,0.0018447520893779754
cross,als_to_hd,svm,source_relative,0.25,0.6971355333333332,0.0024742162636964852
cross,als_to_hd,svm,source_relative,0.5,0.6898960333333335,0.0029414323918954734
cross,als_to_hd,dt,source_relative,0.0,0.752643,0.0
cross,als_to_hd,dt,source_relative,0.05,0.7589031333333333,0.0015615369028142117
cross,als_to_hd,dt,source_relative,0.1,0.7598577333333333,0.002366567861625394
cross,als_to_hd,dt,source_relative,0.15,0.7619418000000001,0.0025139089139398422
cross,als_to_hd,dt,source_relative,0.2,0.7641795000000001,0.0028175211378211403
cross,als_to_hd,dt,source_relative,0.25,0.7657643000000001,0.0030483390746098276
cross,als_to_hd,dt,source_relative,0.5,0.7409251666666666,0.004552131755890692
cross,als_to_hd,qda,source_relative,0.0,0.782793,0.0
cross,als_to_hd,qda,source_relative,0.05,0.7867168666666667,0.001964000047990261
cross,als_to_hd,qda,source_relative,0.1,0.7862828999999999,0.0027948005585495643
cross,als_to_hd,qda,source_relative,0.15,0.7715381666666669,0.003477791700087207
cross,als_to_hd,qda,source_relative,0.2,0.7496665666666665,0.004880745383176867
cross,als_to_hd,qda,source_relative,0.25,0.7227212666666667,0.004798217520570809
cross,als_to_hd,qda,source_relative,0.5,0.5699316,0.0064331351749602065
cross,als_to_hd,xgb,source_relative,0.0,0.733917,0.0
cross,als_to_hd,xgb,source_relative,0.05,0.7325093333333333,0.0013120917843560819
cross,als_to_hd,xgb,source_relative,0.1,0.7354905666666667,0.001769844873064488
cross,als_to_hd,xgb,source_relative,0.15,0.7401404000000001,0.0025290763422300302
cross,als_to_hd,xgb,source_relative,0.2,0.7440063666666668,0.0022242351259258333
cross,als_to_hd,xgb,source_relative,0.25,0.7449526000000001,0.0029703914707753893
cross,als_to_hd,xgb,source_relative,0.5,0.7404761333333333,0.004015296164911627
cross,als_to_hd,lgbm,source_relative,0.0,0.77868,0.0
cross,als_to_hd,lgbm,source_relative,0.05,0.7758634666666666,0.0011377687703187443
cross,als_to_hd,lgbm,source_relative,0.1,0.7721935666666665,0.0022738293491806733
cross,als_to_hd,lgbm,source_relative,0.15,0.7692221666666669,0.0025577588800560934
cross,als_to_hd,lgbm,source_relative,0.2,0.7671208333333335,0.002677115110728697
cross,als_to_hd,lgbm,source_relative,0.25,0.7637531000000001,0.0028431708421990808
cross,als_to_hd,lgbm,source_relative,0.5,0.7435119000000001,0.004903971798802303
cross,als_to_hd,rf,target_relative,0.0,0.767285,0.0
cross,als_to_hd,rf,target_relative,0.05,0.7673333666666665,0.001998584231371057
cross,als_to_hd,rf,target_relative,0.1,0.7663775333333334,0.0026120540831562644
cross,als_to_hd,rf,target_relative,0.15,0.7604062333333333,0.0031640433612632607
cross,als_to_hd,rf,target_relative,0.2,0.7509899999999999,0.0044145314743391445
cross,als_to_hd,rf,target_relative,0.25,0.7403683999999999,0.003682812002841824
cross,als_to_hd,rf,target_relative,0.5,0.6982778333333334,0.004006284176428173
cross,als_to_hd,knn,target_relative,0.0,0.687903,0.0
cross,als_to_hd,knn,target_relative,0.05,0.6891398666666666,0.0011854959018627272
cross,als_to_hd,knn,target_relative,0.1,0.6874600666666666,0.0017071599309628482
cross,als_to_hd,knn,target_relative,0.15,0.6840823666666666,0.002265979859351906
cross,als_to_hd,knn,target_relative,0.2,0.6799272666666667,0.0018207033868778452
cross,als_to_hd,knn,target_relative,0.25,0.6762746333333334,0.0035503258178149993
cross,als_to_hd,knn,target_relative,0.5,0.6633669999999999,0.004115153711462736
cross,als_to_hd,svm,target_relative,0.0,0.69906,0.0
cross,als_to_hd,svm,target_relative,0.05,0.6990798666666667,0.001106885993361036
cross,als_to_hd,svm,target_relative,0.1,0.6984992999999999,0.001692859082266985
cross,als_to_hd,svm,target_relative,0.15,0.6972408333333333,0.0021064360501409345
cross,als_to_hd,svm,target_relative,0.2,0.6958888000000002,0.0024828385090595252
cross,als_to_hd,svm,target_relative,0.25,0.6937623666666665,0.0021676960991248153
cross,als_to_hd,svm,target_relative,0.5,0.6842360000000001,0.0038453769556487587
cross,als_to_hd,dt,target_relative,0.0,0.752643,0.0
cross,als_to_hd,dt,target_relative,0.05,0.7633393666666666,0.0017204181825906414
cross,als_to_hd,dt,target_relative,0.1,0.7686938,0.0025726214913840352
cross,als_to_hd,dt,target_relative,0.15,0.7646215666666667,0.0037548845584287156
cross,als_to_hd,dt,target_relative,0.2,0.7556234000000001,0.0037644285878607837
cross,als_to_hd,dt,target_relative,0.25,0.7445756333333333,0.0036501424675392195
cross,als_to_hd,dt,target_relative,0.5,0.6979325333333334,0.00512792422702998
cross,als_to_hd,qda,target_relative,0.0,0.782793,0.0
cross,als_to_hd,qda,target_relative,0.05,0.7859313333333334,0.0025766069821045474
cross,als_to_hd,qda,target_relative,0.1,0.764726,0.0029348688744720536
cross,als_to_hd,qda,target_relative,0.15,0.7201026333333335,0.005137279767799651
cross,als_to_hd,qda,target_relative,0.2,0.6701056666666667,0.004989488532514327
cross,als_to_hd,qda,target_relative,0.25,0.6193606333333334,0.006978246501824793
cross,als_to_hd,qda,target_relative,0.5,0.4615398333333333,0.005292817065467671
cross,als_to_hd,xgb,target_relative,0.0,0.733917,0.0
cross,als_to_hd,xgb,target_relative,0.05,0.7412164333333332,0.0016247741632636845
cross,als_to_hd,xgb,target_relative,0.1,0.7516209333333335,0.002362323635939738
cross,als_to_hd,xgb,target_relative,0.15,0.7501035666666666,0.0030726421482600934
cross,als_to_hd,xgb,target_relative,0.2,0.7460384333333333,0.003014662509656164
cross,als_to_hd,xgb,target_relative,0.25,0.7379245666666667,0.003964334632899849
cross,als_to_hd,xgb,target_relative,0.5,0.7080236333333332,0.004906593955100607
cross,als_to_hd,lgbm,target_relative,0.0,0.77868,0.0
cross,als_to_hd,lgbm,target_relative,0.05,0.7777402666666667,0.0015511646555107432
cross,als_to_hd,lgbm,target_relative,0.1,0.7756725666666665,0.0030503035200399047
cross,als_to_hd,lgbm,target_relative,0.15,0.7690675333333333,0.0033725419118413465
cross,als_to_hd,lgbm,target_relative,0.2,0.7642784333333331,0.003349482355100026
cross,als_to_hd,lgbm,target_relative,0.25,0.7538557333333333,0.004111993642935285
cross,als_to_hd,lgbm,target_relative,0.5,0.6988757333333333,0.004999370642689792
