scope,domain,classifier,rank,feature,drop
cross,als_to_hd,dt,1,double_support_s,0.116354
cross,als_to_hd,dt,2,cv_swing,0.110821
cross,als_to_hd,dt,3,dfa_alpha_stride,0.077977
cross,als_to_hd,knn,1,cv_stride,0.050014
cross,als_to_hd,knn,2,cv_swing,0.033436
cross,als_to_hd,knn,3,dfa_alpha_stride,0.030041
cross,als_to_hd,lgbm,1,cv_stride,0.183134
cross,als_to_hd,lgbm,2,dfa_alpha_stride,0.049567
cross,als_to_hd,lgbm,3,right_stance_s,0.017837
cross,als_to_hd,qda,1,cv_stride,0.171617
cross,als_to_hd,qda,2,cv_swing,0.102676
cross,als_to_hd,qda,3,double_support_s,0.073971
cross,als_to_hd,rf,1,cv_stride,0.072702
cross,als_to_hd,rf,2,cv_swing,0.020685
cross,als_to_hd,rf,3,left_swing_pct,0.000718
cross,als_to_hd,svm,1,cv_stride,0.052105
cross,als_to_hd,svm,2,dfa_alpha_stride,0.050112
cross,als_to_hd,svm,3,cv_swing,0.014411
cross,als_to_hd,xgb,1,cv_stride,0.045844
cross,als_to_hd,xgb,2,dfa_alpha_stride,0.016052
cross,als_to_hd,xgb,3,double_support_s,0.000186
cross,als_to_pd,dt,1,cv_swing,0.2254
cross,als_to_pd,dt,2,double_support_s,0.136515
cross,als_to_pd,dt,3,right_stance_s,0.098869
cross,als_to_pd,knn,1,dfa_alpha_stride,0.044184
cross,als_to_pd,knn,2,cv_stride,0.03089
cross,als_to_pd,knn,3,cv_swing,0.010048
cross,als_to_pd,lgbm,1,left_stance_s,0.119569
cross,als_to_pd,lgbm,2,dfa_alpha_stride,0.092749
cross,als_to_pd,lgbm,3,right_stance_s,0.091864
cross,als_to_pd,qda,1,double_support_pct,0.120589
cross,als_to_pd,qda,2,cv_stride,0.084895
cross,als_to_pd,qda,3,double_support_s,0.071028
cross,als_to_pd,rf,1,cv_swing,0.117392
cross,als_to_pd,rf,2,cv_stride,0.093885
cross,als_to_pd,rf,3,dfa_alpha_stride,0.062815
cross,als_to_pd,svm,1,dfa_alpha_stride,0.079843
cross,als_to_pd,svm,2,cv_stride,0.078545
cross,als_to_pd,svm,3,double_support_pct,0.04374
cross,als_to_pd,xgb,1,dfa_alpha_stride,0.044714
cross,als_to_pd,xgb,2,cv_swing,0.03933
cross,als_to_pd,xgb,3,cv_stride,0.024643
cross,hd_to_als,dt,1,cv_stride,0.117358
cross,hd_to_als,dt,2,asymmetry_index,-0.0
cross,hd_to_als,dt,3,cv_swing,-0.0
cross,hd_to_als,knn,1,cv_stride,0.050518
cross,hd_to_als,knn,2,right_swing_pct,0.028436
cross,hd_to_als,knn,3,dfa_alpha_stride,0.019245
cross,hd_to_als,lgbm,1,cv_stride,0.110921
cross,hd_to_als,lgbm,2,asymmetry_index,-0.0
cross,hd_to_als,lgbm,3,cv_swing,-0.0
cross,hd_to_als,qda,1,left_stance_s,0.373882
cross,hd_to_als,qda,2,right_stance_s,0.37225
cross,hd_to_als,qda,3,double_support_pct,0.364947
cross,hd_to_als,rf,1,cv_stride,0.01675
cross,hd_to_als,rf,2,asymmetry_index,-0.0
cross,hd_to_als,rf,3,dfa_alpha_stride,-0.0
cross,hd_to_als,svm,1,cv_stride,0.192901
cross,hd_to_als,svm,2,dfa_alpha_stride,0.086901
cross,hd_to_als,svm,3,left_stride_s,0.041071
cross,hd_to_als,xgb,1,cv_stride,0.119339
cross,hd_to_als,xgb,2,asymmetry_index,-0.0
cross,hd_to_als,xgb,3,cv_swing,-0.0
cross,hd_to_pd,dt,1,cv_stride,0.253014
cross,hd_to_pd,dt,2,asymmetry_index,-0.0
cross,hd_to_pd,dt,3,cv_swing,-0.0
cross,hd_to_pd,knn,1,cv_stride,0.064678
cross,hd_to_pd,knn,2,right_swing_pct,0.034268
cross,hd_to_pd,knn,3,cv_swing,0.031145
cross,hd_to_pd,lgbm,1,cv_stride,0.2558
cross,hd_to_pd,lgbm,2,asymmetry_index,-0.0
cross,hd_to_pd,lgbm,3,cv_swing,-0.0
cross,hd_to_pd,qda,1,left_swing_pct,0.283765
cross,hd_to_pd,qda,2,left_swing_s,0.280478
cross,hd_to_pd,qda,3,double_support_pct,0.277093
cross,hd_to_pd,rf,1,cv_stride,0.208222
cross,hd_to_pd,rf,2,cv_swing,0.015866
cross,hd_to_pd,rf,3,asymmetry_index,-0.0
cross,hd_to_pd,svm,1,cv_stride,0.239291
cross,hd_to_pd,svm,2,dfa_alpha_stride,0.07698
cross,hd_to_pd,svm,3,asymmetry_index,0.008186
cross,hd_to_pd,xgb,1,cv_stride,0.25255
cross,hd_to_pd,xgb,2,asymmetry_index,-0.0
cross,hd_to_pd,xgb,3,cv_swing,-0.0
cross,pd_to_als,dt,1,cv_stride,0.154154
cross,pd_to_als,dt,2,right_stride_s,0.055813
cross,pd_to_als,dt,3,cv_swing,0.0
cross,pd_to_als,knn,1,cv_stride,0.088823
cross,pd_to_als,knn,2,dfa_alpha_stride,0.035886
cross,pd_to_als,knn,3,cv_swing,0.034173
cross,pd_to_als,lgbm,1,cv_stride,0.076481
cross,pd_to_als,lgbm,2,double_support_s,0.01249
cross,pd_to_als,lgbm,3,right_stride_s,0.004018
cross,pd_to_als,qda,1,cv_stride,0.182309
cross,pd_to_als,qda,2,right_stance_s,0.102733
cross,pd_to_als,qda,3,cv_swing,0.101078
cross,pd_to_als,rf,1,cv_stride,0.046229
cross,pd_to_als,rf,2,left_stance_s,0.002989
cross,pd_to_als,rf,3,right_stance_s,0.002431
cross,pd_to_als,svm,1,cv_stride,0.119268
cross,pd_to_als,svm,2,double_support_s,0.064944
cross,pd_to_als,svm,3,cv_swing,0.055311
cross,pd_to_als,xgb,1,cv_stride,0.084413
cross,pd_to_als,xgb,2,double_support_s,0.003127
cross,pd_to_als,xgb,3,right_stance_s,0.002263
cross,pd_to_hd,dt,1,cv_stride,0.328972
cross,pd_to_hd,dt,2,right_stride_s,0.010521
cross,pd_to_hd,dt,3,cv_swing,0.0
cross,pd_to_hd,knn,1,cv_stride,0.169476
cross,pd_to_hd,knn,2,cv_swing,0.062292
cross,pd_to_hd,knn,3,dfa_alpha_stride,0.00162
cross,pd_to_hd,lgbm,1,cv_stride,0.298963
cross,pd_to_hd,lgbm,2,right_stride_s,0.003607
cross,pd_to_hd,lgbm,3,cv_swing,-0.0
cross,pd_to_hd,qda,1,cv_stride,0.234525
cross,pd_to_hd,qda,2,cv_swing,0.158716
cross,pd_to_hd,qda,3,dfa_alpha_stride,0.090732
cross,pd_to_hd,rf,1,cv_stride,0.267287
cross,pd_to_hd,rf,2,cv_swing,0.005929
cross,pd_to_hd,rf,3,right_stance_s,0.001722
cross,pd_to_hd,svm,1,cv_stride,0.173856
cross,pd_to_hd,svm,2,cv_swing,0.107888
cross,pd_to_hd,svm,3,asymmetry_index,0.026824
cross,pd_to_hd,xgb,1,cv_stride,0.292296
cross,pd_to_hd,xgb,2,cv_swing,0.001469
cross,pd_to_hd,xgb,3,dfa_alpha_stride,0.000245
within,als,dt,1,double_support_pct,0.000231
within,als,dt,2,asymmetry_index,-0.0
within,als,dt,3,cv_stride,-0.0
within,als,knn,1,asymmetry_index,0.001181
within,als,knn,2,cv_stride,0.0
within,als,knn,3,cv_swing,0.0
within,als,lgbm,1,right_swing_s,0.000228
within,als,lgbm,2,left_swing_pct,0.000228
within,als,lgbm,3,dfa_alpha_stride,0.0
within,als,qda,1,right_swing_s,0.010206
within,als,qda,2,double_support_pct,0.006077
within,als,qda,3,right_swing_pct,0.003655
within,als,rf,1,left_swing_pct,0.000235
within,als,rf,2,asymmetry_index,8e-06
within,als,rf,3,cv_swing,-0.0
within,als,svm,1,asymmetry_index,0.000951
within,als,svm,2,cv_stride,0.0
within,als,svm,3,cv_swing,0.0
within,als,xgb,1,asymmetry_index,0.00023
within,als,xgb,2,cv_stride,-0.0
within,als,xgb,3,cv_swing,-0.0
within,hd,dt,1,asymmetry_index,-0.0
within,hd,dt,2,cv_stride,-0.0
within,hd,dt,3,cv_swing,-0.0
within,hd,knn,1,left_stance_s,0.001194
within,hd,knn,2,right_swing_s,0.000425
within,hd,knn,3,dfa_alpha_stride,0.0
within,hd,lgbm,1,asymmetry_index,-0.0
within,hd,lgbm,2,cv_stride,-0.0
within,hd,lgbm,3,cv_swing,-0.0
within,hd,qda,1,left_swing_pct,0.161169
within,hd,qda,2,double_support_pct,0.142745
within,hd,qda,3,left_swing_s,0.126667
within,hd,rf,1,asymmetry_index,-0.0
within,hd,rf,2,cv_stride,-0.0
within,hd,rf,3,cv_swing,-0.0
within,hd,svm,1,asymmetry_index,0.00049
within,hd,svm,2,double_support_pct,0.000233
within,hd,svm,3,cv_stride,-0.0
within,hd,xgb,1,asymmetry_index,-0.0
within,hd,xgb,2,cv_stride,-0.0
within,hd,xgb,3,cv_swing,-0.0
within,pd,dt,1,asymmetry_index,-0.0
within,pd,dt,2,cv_stride,-0.0
within,pd,dt,3,cv_swing,-0.0
within,pd,knn,1,double_support_s,0.003355
within,pd,knn,2,right_stance_s,0.00198
within,pd,knn,3,double_support_pct,0.00114
within,pd,lgbm,1,asymmetry_index,-0.0
within,pd,lgbm,2,cv_stride,-0.0
within,pd,lgbm,3,cv_swing,-0.0
within,pd,qda,1,left_swing_pct,0.003308
within,pd,qda,2,right_swing_s,0.002601
within,pd,qda,3,right_swing_pct,0.002495
within,pd,rf,1,right_swing_pct,0.000432
within,pd,rf,2,left_swing_pct,0.000408
within,pd,rf,3,double_support_s,0.000384
within,pd,svm,1,double_support_s,0.000657
within,pd,svm,2,double_support_pct,0.000635
within,pd,svm,3,right_swing_pct,0.000635
within,pd,xgb,1,right_stride_s,0.001501
within,pd,xgb,2,left_stride_s,0.000857
within,pd,xgb,3,right_swing_pct,0.000643
